"replicate","mean_expression_log_cp10k","cell_detection_rate","tnkilc_vs_other_log2_cpm_ratio","standardized_distance_to_frozen","rho"
9237,0.187370269022127,0.138009667600903,4.03192484574302,0.214696198066071,0.795019012364332
3562,0.189617261079066,0.141258440200427,4.00578188016188,0.251750377137829,0.736093273903956
6163,0.188317030994974,0.135937275268123,3.99526852105513,0.252694461913102,0.732416710735061
301,0.187844908039579,0.139858056917174,4.05165627265041,0.298408890619998,0.763591951852132
4813,0.190584582112747,0.139733178879771,3.96049210535181,0.327875036279848,0.705925310367404
4687,0.191580576826332,0.137009185581397,4.06224544130955,0.328636495026659,0.809624537281861
3707,0.1867327322856,0.141343473883483,4.0288533263273,0.35410352041196,0.768678703633754
2993,0.191973212873124,0.139574287369145,3.95547948906628,0.377080644435002,0.744252222306162
1198,0.188808528829968,0.139913450287851,4.0740524427517,0.386393853326719,0.812646370023419
8650,0.184620012466634,0.136454765967868,4.01148660948783,0.410583117150247,0.738208556823047
1157,0.185574059869229,0.141729769757941,4.04364623207119,0.459175866685032,0.756541008788497
3434,0.188899740003999,0.133310949228574,4.04649963829499,0.471206268233408,0.780010576414595
2888,0.183831449255895,0.140942600806216,4.01136034536394,0.488357548022213,0.732467074614087
4662,0.190708465916319,0.139813839401985,3.92870994624047,0.504431135807506,0.79542192339654
4995,0.184855440663143,0.141836669245212,3.97935783823996,0.506161213351809,0.771650172496286
8961,0.186662576182826,0.139051937601797,3.93522304352646,0.508274677187014,0.801062677847448
11,0.193251524256889,0.14369672032373,4.01622716236325,0.512709523485686,0.732517438493113
3199,0.192847226362227,0.143864358156042,4.0350233076114,0.528197805464356,0.764347410037521
1122,0.185180799061971,0.142746286700538,3.9849395856412,0.52901659998053,0.780816398479011
4618,0.186947958582451,0.132887724440333,3.98504800546426,0.530183069062951,0.735337815718567
3201,0.190643771694891,0.132546131987825,4.05102060673568,0.537632310695032,0.697514542570069
8284,0.184373272550913,0.137867782826889,3.94955064506129,0.540377219790443,0.683916295233059
6433,0.189639993476811,0.131792004695803,3.99487280825895,0.56105186699359,0.783384956309335
3884,0.19438586180802,0.134214735802776,3.95957550588972,0.562909026896252,0.711566064818312
3420,0.186124163623818,0.142912466812568,3.95953932292879,0.563841252976295,0.744554405580318
5380,0.1836709928714,0.134601517583994,4.03806310395617,0.565399355137975,0.621112538087684
1807,0.184743667554663,0.140474672596025,4.08041398020847,0.56771256410484,0.75800156128025
1743,0.192323995503857,0.132199194560954,4.04430318780103,0.574310991840846,0.76036866359447
868,0.188764783835582,0.137002382886753,3.91511613191623,0.580463483599038,0.699881644884289
7530,0.1887881432488,0.145172419154833,4.01712603511056,0.583928716049578,0.802271410944071
5960,0.185263061163259,0.142669027525646,3.95821637976473,0.586885572626076,0.756490644909471
5056,0.183862551395834,0.143163194700895,4.01276494476844,0.59528918953982,0.799299942081539
5021,0.182531108741023,0.140592747938783,3.97624652584386,0.600361917228767,0.777996021253557
4792,0.189883958269942,0.145232185686353,3.98718854542323,0.601256836716601,0.776384377124726
7389,0.182307113850039,0.137917345316442,4.05844885498004,0.605953495529144,0.826194253481403
442,0.184094935342731,0.143567955032245,4.02433330859233,0.61133364320594,0.807761073757901
6877,0.182471274002092,0.136877504849349,4.06133634547374,0.614247651470221,0.733373624436554
2170,0.183394065954946,0.133867798375905,3.98643446945936,0.618333068829679,0.780766034599985
9104,0.18746409690158,0.145266685066336,4.03077326912449,0.620203479195649,0.791543904711541
1449,0.190507054915643,0.145494089430167,3.98841421325909,0.622497033828368,0.797184659162449
3150,0.190768220391598,0.138258451862189,3.90365829247371,0.632769644124119,0.808365440306212
5837,0.183108281733073,0.136534940583321,4.07953268384436,0.639194972906614,0.752461534587394
9336,0.191750829139751,0.144489720156579,4.07642647162318,0.650206356092434,0.771096169827
7535,0.182935182610137,0.140229289682061,4.08252505942648,0.661403402896373,0.6991261866989
1550,0.189383064486701,0.146059684899184,3.99348832242317,0.663167511323801,0.73916547052454
8202,0.182676759117789,0.134732712409281,3.96190515680449,0.668168821581363,0.761375941174989
3411,0.181772398298717,0.134675861318323,3.9928584056202,0.669061091902626,0.729193422477399
7688,0.182509309688312,0.1348512736588,4.06446077652555,0.675120381752505,0.833849563093349
666,0.18573240106447,0.139531041667476,4.11886682718255,0.689101605331024,0.841756692100426
2163,0.185261085490042,0.143720043848226,3.94418427836179,0.689179074657607,0.735740726750774
791,0.187206960025688,0.144278350715838,3.93712169717528,0.693264445560645,0.757548286369016
1321,0.187726063083067,0.132232236220656,4.08934198715995,0.695657984802961,0.844023066656594
9815,0.180330034526381,0.137101507865859,3.99479345548705,0.701495023206702,0.795019012364332
7637,0.188230153595811,0.139653976077838,4.13430740645248,0.720454074026197,0.793306640477449
6910,0.179841163456164,0.13837944264551,4.0127808625334,0.721064921391282,0.753418448288887
4706,0.191277270181489,0.144603422338494,3.92763654921248,0.729140966457229,0.749238246329732
8969,0.183670306061948,0.13440132399874,3.92893417201724,0.737227020857193,0.740626023016293
556,0.180038730338601,0.13970110903359,4.0430863197222,0.737432689220703,0.738258920702073
400,0.194886516019841,0.141607321254339,3.91046018039875,0.74300393539032,0.832389010601597
6500,0.196522773140177,0.137945527908541,4.11192620798775,0.743011512549669,0.717005363753116
4863,0.182039264214081,0.143685058561483,4.04450536602348,0.745573262174169,0.838634131600816
6023,0.186664175826426,0.146338109472849,3.966019095767,0.764293199814674,0.793256276598424
8718,0.18959511362977,0.13853055964797,4.14653224009295,0.77245704605594,0.838986678753998
5818,0.195913821924184,0.137525704467621,3.90193165439259,0.773398221573633,0.686333761426305
4271,0.181808918377079,0.143574271820129,4.06097202135073,0.78115430930527,0.799551761476669
1936,0.183133643384337,0.136083533202981,3.91048619661027,0.787337625387151,0.809624537281861
5654,0.179608286652968,0.139803149453258,3.97017412637676,0.787572144251121,0.831381733021077
4490,0.184121346666501,0.132982476258596,3.92534047312786,0.793569770773808,0.74128075344363
776,0.183834276564279,0.144652498921287,3.94437257126111,0.793973293159599,0.75986502480421
7121,0.182360860588653,0.136227847510797,3.91588455506179,0.797735863644157,0.775226007907129
7367,0.191868935959711,0.145368725486004,3.92161120810151,0.806016379120152,0.804336329984135
3322,0.180903841847436,0.132586948155692,4.00223188662863,0.808704947430434,0.802523230339201
2676,0.18343094440732,0.140914904120878,3.90426830604493,0.809570806320267,0.746367505225253
4977,0.181680486774307,0.144915374478622,4.00926728353494,0.810587752541259,0.761980307723301
1074,0.188703508852004,0.138899362879056,3.87260135027833,0.815119595633299,0.755281911812848
6169,0.194590179462728,0.14169915763204,4.13176195122285,0.815200307027205,0.773009997229987
8823,0.181384866536602,0.142874566085263,3.94693504282195,0.815230907570842,0.75825338067538
5191,0.187362649375071,0.147528581035642,4.04391073183704,0.817751936064995,0.84095087003601
8449,0.182788560062378,0.137470797003705,4.12284444179473,0.817844851988104,0.721941023897661
9196,0.183528779991894,0.139823071630431,3.89712529275153,0.818843587434759,0.822517690312508
5359,0.181384069072688,0.132041760770609,3.98886601879919,0.820264620580069,0.826043161844325
8951,0.179419026948188,0.140846391267672,3.96897419865738,0.820735708598116,0.790738082647125
5296,0.192102171251535,0.140322583780044,3.87612607711138,0.821560991322526,0.760066480320314
4353,0.186176342607027,0.138035906565961,3.87813385744179,0.822256636049666,0.773916547052454
8921,0.196119548922312,0.1421491072921,3.90461248062386,0.831296612306913,0.834000654730427
8732,0.184262579582927,0.143914892459116,3.91637407384742,0.834132463607674,0.841756692100426
1238,0.183260424946256,0.140511115603049,3.89836075527848,0.834875905926436,0.749590793482914
4764,0.179133944268003,0.139225892221993,4.06666440904818,0.83544271015974,0.780413487446803
2896,0.180816427606841,0.144523733629801,4.00612120778636,0.836174363537334,0.704263302359548
973,0.182616013320437,0.139338622590388,4.12551116549644,0.838782437662323,0.759562841530055
673,0.18915600962973,0.148128675884642,4.03737417096329,0.841043213252482,0.799803580871799
6019,0.192789527374136,0.147833730481125,3.98715052134232,0.841370405318821,0.705824582609353
1515,0.188423565813365,0.148038297227222,3.97943513747143,0.848611267100254,0.769333434061091
3103,0.181987273682189,0.145634030577141,4.03939773244414,0.852023922788333,0.780010576414595
4241,0.187527973080521,0.148083000649171,3.98666850414607,0.854288868636862,0.700083100400393
5833,0.179013431327283,0.142456686271385,4.00331650339595,0.856392066102914,0.827805897610234
9109,0.187085177558996,0.147957636705008,4.04415887558631,0.856982012928981,0.722998665357206
2921,0.182364424863692,0.139982449047817,3.89881219575945,0.862738722415428,0.838634131600816
6027,0.178124306764224,0.140765730745459,4.0177739957976,0.869186115863307,0.67716753544358
5233,0.180727433473022,0.135944563869528,3.91868383568888,0.876181511811647,0.778197476769661
9402,0.187063851574267,0.138306070724701,4.16084701081567,0.878573064159494,0.772204175165571
4950,0.185979448154087,0.145455702796102,3.91288346413258,0.879658774300063,0.721638840623505
8845,0.180690556586985,0.134544666493036,3.92817516635843,0.880934336350871,0.818538943869457
9820,0.179042690588562,0.137016474182802,3.94214768727265,0.885408942922806,0.816423660950366
1592,0.178240433864003,0.141190413253981,4.04174503984201,0.885822247729982,0.797889753468812
5759,0.18928190927472,0.148637420262701,3.98241987482917,0.888746251248809,0.791543904711541
7223,0.180156181481316,0.144796327322343,4.02487353807559,0.889353935439469,0.773866183173428
8055,0.188848250719428,0.140359026787068,4.16364176818547,0.890712878630386,0.748583515902395
9801,0.194321004986893,0.143199151801159,3.88661111962352,0.893779360456337,0.697413814812017
2893,0.180398656978425,0.1400475605537,3.9152821807675,0.895404121779196,0.793961370904787
8614,0.182247094575254,0.136567010429503,4.13355274220513,0.899463447598809,0.794162826420891
9191,0.179815942170766,0.144681653326906,4.02440175430569,0.902617496127037,0.848052176978671
9847,0.196028291783707,0.146674356950993,3.9507392669046,0.903300984518209,0.766210873561482
7990,0.177873755041417,0.140242895071351,3.97318108073904,0.906230081593486,0.842915061318023
8571,0.180703264900026,0.138908109200742,3.90533553690507,0.906481455335327,0.747676966079928
246,0.178051564150462,0.136257973729937,3.96495992410024,0.909721955969371,0.683664475837929
3721,0.185368602683384,0.142799736444173,4.14572266937583,0.9149655285347,0.763138676940898
1209,0.179277289628068,0.144367757559737,4.00818463348206,0.916755121525232,0.811790184079978
3138,0.182184387728753,0.146599527309904,4.05115731920127,0.917986001357216,0.784996600438166
4326,0.17780136657979,0.135729307174705,3.96953834842631,0.928427402940007,0.733373624436554
5732,0.178413636279457,0.142473693007996,3.9695926540003,0.928652421676815,0.716854272116038
9058,0.183605335071305,0.140531523686983,3.87520719762292,0.932250971398716,0.778197476769661
6448,0.182139047560637,0.144331314552713,3.91710039100704,0.933592422421556,0.830021908287376
9916,0.179274345835486,0.132119019945501,3.98984430780325,0.933620457062207,0.835763390496336
8949,0.189399020208167,0.140329386474688,4.17261225337093,0.938552720567513,0.795975926065826
6937,0.180680222005091,0.145156384231742,4.07259922331491,0.942532969157065,0.846591624486918
4360,0.184808026972122,0.144766687009963,3.89515714920879,0.943360722081875,0.778046385132583
274,0.194306433715681,0.148316235894127,4.0622057746432,0.943830085647014,0.827453350457052
5502,0.195023328710854,0.147808463329589,4.07291330387751,0.94571536282111,0.729596333509607
2272,0.183530103035267,0.143642298766574,4.13349086006943,0.946317762010319,0.833547379819194
391,0.188193445581664,0.149036835619687,4.05705191176679,0.947287746066067,0.803883055072902
5552,0.176963375111243,0.139237068077481,3.98090365738422,0.948236813432565,0.774571277479791
8229,0.177905362478649,0.133795398268617,4.03470960235427,0.949162220975296,0.797436478557578
5037,0.199300995192868,0.14133764300236,3.90471045482555,0.95127346577813,0.741482208959734
3668,0.181404698724308,0.134312403061601,3.90037256582993,0.952099625630177,0.840245775729647
138,0.181694355368145,0.146896416340461,3.97905580595598,0.952461463307025,0.713580619979351
8423,0.178529299910537,0.143721501568507,3.97469690988746,0.959068208035142,0.724610309486037
4712,0.197395862684764,0.144876016031036,4.11249861252523,0.960941170815865,0.786054241897711
2387,0.186906995036107,0.130889675841882,3.89042015187521,0.968756651631266,0.782982045277127
7550,0.191255166875158,0.137026192318008,3.84674565959807,0.969249009434652,0.750195160031226
5896,0.183999394902829,0.134239031140792,3.87372495225631,0.970651276630175,0.716753544357987
1838,0.181066732911387,0.146358031650023,3.95963529826502,0.977047442829804,0.757145375336808
8386,0.180565914542719,0.135249231295505,4.12777960319186,0.977538499889305,0.790939538163229
9319,0.177506556241736,0.134539321518672,3.96364247682843,0.985490405654384,0.836669940318803
6880,0.179458922981077,0.14413112096746,3.94100902451393,0.985765532053785,0.741331117322656
2672,0.177312832615366,0.136920750551018,4.07905554058649,0.986881820579307,0.833497015940168
6360,0.178493458137789,0.14470157550408,4.03670412286776,0.988377533616943,0.75200825967616
8261,0.176957350106224,0.138553883172466,4.07340816527858,0.991448989602015,0.772959633350961
7980,0.180611115942965,0.129615628316314,4.01068747644619,0.991678990403818,0.780413487446803
8629,0.176163435867895,0.137092275637412,4.00043543714506,0.992308817383732,0.759462113772003
8991,0.179476397016427,0.145847829551683,3.98462241892428,0.993773487980939,0.820503135151469
4375,0.183595801967018,0.148748207004054,4.03303955715812,0.995851826888144,0.760973030142782
314,0.183730365856915,0.140806061006566,3.8622203111543,0.997443704692757,0.778499660043817
8896,0.176289763392338,0.140687013850286,4.00009445069395,0.998092165707104,0.820503135151469
2047,0.180808936897456,0.129982487920358,3.96235587554168,1.00239690672989,0.742892397572461
3184,0.184674680355913,0.147806519702547,4.09566799451562,1.00476865160827,0.755987006119211
7847,0.180348311813233,0.13738819285445,3.88584736865325,1.00588502686299,0.777643474100375
7133,0.176639179027294,0.137206949632849,3.95735607029685,1.00704412572154,0.797235023041475
9433,0.190891755312134,0.14133764300236,4.18125726390995,1.0074490323053,0.861801515952759
7221,0.186245292017727,0.149659282179661,4.04559744457363,1.00967422492378,0.739215834403566
5506,0.185764904083339,0.135039805481806,4.17304332756755,1.01020462037523,0.812747097781471
2303,0.182996070512748,0.148211765940657,3.96374293573321,1.01057941789845,0.785248419833296
966,0.183225272934505,0.138323563368072,4.16718840687504,1.01163582709466,0.773916547052454
979,0.178467864077577,0.145330824758699,4.02638142488676,1.01337828342837,0.807257434967641
9454,0.181724917988678,0.132467900999413,4.12869770397689,1.01750345590314,0.776888015914986
2782,0.182842625624233,0.131346914103347,4.1286404362522,1.0246347280982,0.77346327214122
2475,0.178512702571712,0.131825532262265,4.06526498579778,1.0287927056354,0.76560650701317
9311,0.178497147176834,0.131498031105807,4.0558999386694,1.03027813092019,0.665986754299816
6497,0.190078584836515,0.150351699313122,4.04583526956373,1.03259001107218,0.776686560398882
877,0.184660887144372,0.145921687379252,3.88736230080355,1.03743525450353,0.80091158621037
4024,0.178491376963144,0.135502874624394,3.90909613961662,1.04082315548606,0.761275213416937
1205,0.175437426510271,0.137798298160163,4.03050577514815,1.04221928265019,0.858427136058019
470,0.192136917460769,0.150221476301355,4.0587687589348,1.05036112418407,0.754274634232329
3758,0.179984461573239,0.136854181324854,3.87960964964569,1.05419840292668,0.810379995467251
2050,0.175640260899262,0.140434828241678,4.04584579677969,1.05453322992802,0.769837072851351
7921,0.177962292035862,0.142307026989205,4.10251136188448,1.05499944442275,0.809725265039913
1523,0.178488769453792,0.145926546446855,4.04661086343074,1.05754030451522,0.778298204527713
7423,0.175576180782865,0.135835234848455,3.98661533515344,1.05839700928371,0.746971871773564
3139,0.178062472482389,0.13381434863227,4.10194110913838,1.06266150444777,0.821762232127119
7683,0.18017775613385,0.142011109772168,3.88445027996231,1.06352286384479,0.758051925159276
3007,0.179690967713949,0.142032003762862,4.13520957129627,1.06425576068736,0.818891491022638
4915,0.17676679728583,0.13395040252516,4.07052626597842,1.06436583522725,0.83546120722218
9785,0.18421350438637,0.135565556596476,4.17878154072167,1.06703348610189,0.822064415401274
8318,0.175347804740409,0.138522299233045,3.97262095301609,1.06823695125564,0.763944499005313
855,0.178009544349319,0.145687480320776,3.98201866853109,1.06939722883554,0.703507844174158
4508,0.185354576538924,0.141535407053811,3.84260800511372,1.06984322783844,0.821661504369066
737,0.178732925675584,0.145844428204361,3.95384813457476,1.0764967389603,0.723099393115258
3180,0.184291087129049,0.150104858678878,4.0317999567428,1.07795272527701,0.823827151167183
686,0.179893993925277,0.133362455345169,3.89265343251074,1.08183929068477,0.716300269446753
2889,0.181396306459756,0.147830815040563,3.94371424623202,1.08351037459842,0.756087733877263
167,0.195474760429717,0.142976606504931,3.85185523747079,1.08397898287714,0.736143637782982
6292,0.191622186850147,0.147022752098145,3.87587154046911,1.08530034171589,0.732668530130191
8613,0.175398410316488,0.138556312706267,4.06720825771024,1.08565012298503,0.771398353101156
1844,0.190965411439093,0.151184543500317,4.00240353801432,1.08926215593498,0.840648686761855
1978,0.194340897837111,0.148778819129955,3.91611016442985,1.0906973544783,0.77945657374531
2770,0.176533427098813,0.132364402859464,4.04175794086779,1.09459925400997,0.722746845962076
6738,0.176238908486796,0.140461067206736,4.09348488559416,1.0989256453605,0.848958726801138
8194,0.188273779313154,0.149604374715745,4.10578567726864,1.0989291756742,0.772808541713883
5641,0.181741745941664,0.138441638710831,4.17426007238303,1.10039642338488,0.840648686761855
2048,0.175997291852263,0.14028711258654,3.93685962358161,1.10080846509946,0.81949585757095
503,0.185941551818676,0.148054818057073,3.89549164948215,1.10141481098051,0.82997154440835
9168,0.175628646621185,0.141281277818162,3.95594344996227,1.10248382489987,0.777693837979401
205,0.17881890700555,0.14715054557611,3.98049626652746,1.1045537975407,0.802120319306993
3488,0.17460839308064,0.139783227276084,4.00092956423,1.1045903740584,0.844425977688802
8611,0.180890331169512,0.142318688751453,3.8689188296331,1.10463747881576,0.754324998111355
9480,0.177074164376852,0.143523251610295,4.08764015535655,1.10625190527444,0.819646949208028
7305,0.18098454098813,0.146961041939584,3.91959917904787,1.10851331415035,0.744000402911032
2592,0.178836425635368,0.131440208201329,3.92346763771947,1.10986345099335,0.739115106645514
2708,0.192836506574887,0.143171941022581,3.83765614405821,1.11020090010733,0.773815819294402
2295,0.175224921701876,0.134278875495139,3.99227380913801,1.11176772506878,0.801012313968422
3173,0.174765574598626,0.141043183505603,4.03651197990323,1.11675651307845,0.775477827302259
3917,0.174366557419112,0.137813847176493,3.99062437419597,1.12103410362159,0.805696154717836
2432,0.195698436900752,0.14534734558855,3.86410426421288,1.12192524452976,0.76087230238473
3769,0.188074795243441,0.151368216255719,4.04335778218034,1.12232771207573,0.821711868248092
5390,0.178947174276595,0.146917310331155,3.95273240664746,1.12339284602338,0.78968044118758
5991,0.176129421577096,0.144635006277915,3.99804230290457,1.12442435908579,0.785046964317192
9362,0.176008654666971,0.135499959183832,3.93176544368669,1.12522376895002,0.756389917151419
712,0.201943812260101,0.145931891421219,3.95433068000655,1.12558479495778,0.840497595124777
1090,0.184115167198929,0.144171937135327,3.85258464065245,1.12719837699744,0.755080456296744
3049,0.178699783546912,0.146216632782769,4.08687365907583,1.12722757095013,0.764397773916547
9257,0.178377334339453,0.132999968901967,4.12055782028054,1.12722811991549,0.776636196519856
6439,0.190010792681781,0.141014029099984,3.8214121911668,1.12756406264875,0.799148850444461
4222,0.182465157183516,0.15001739546202,4.03721431560347,1.13026584465904,0.761426305054015
5438,0.190879859757456,0.151507185589172,3.97923883104521,1.13106575404471,0.718868827277077
675,0.178300986623538,0.137801699507485,3.87988443308215,1.13193195203361,0.708443504318703
4587,0.185816186473737,0.142703526905629,3.83437762782017,1.13259058541589,0.718214096849739
6724,0.178664520677171,0.139764762819192,4.14944194971202,1.13370876240792,0.815466747248873
1619,0.184733222006544,0.146027615053003,3.8648127934879,1.13546594757671,0.807609982120823
9111,0.182767602627711,0.130354692498766,3.87963009496191,1.14207872670231,0.743748583515902
5211,0.18251789465764,0.149562100827596,3.95046983843657,1.14395104591411,0.772707813955831
6747,0.194606526273088,0.148625758500453,3.89756717989271,1.14467578665078,0.766764876230767
537,0.174125547623662,0.136680226704658,3.99218005094048,1.14480318753014,0.803077233008486
6652,0.184806566830251,0.150778811355447,3.96560098143522,1.14542674743348,0.766160509682456
2548,0.177848468432529,0.129827969570575,3.96833047526851,1.15132396161972,0.824129334441339
9571,0.180692796540421,0.1271321588643,4.01554142298029,1.15220019333549,0.803329052403616
493,0.177094942421444,0.146617505860035,4.02107987113011,1.15493570362937,0.808566895822316
9563,0.183626537808527,0.150917780688899,4.02141329292598,1.15499468254062,0.732467074614087
6749,0.192339937823238,0.151248197285919,3.953591101597,1.15574704154405,0.759361386013951
9550,0.189227546446523,0.147968812560495,3.87072379133596,1.15617403559964,0.727783233864672
8747,0.175329101893161,0.141366797407979,3.93761034315978,1.1593277903617,0.679433909999748
2538,0.185065107398266,0.149953255769657,3.92361670138356,1.16101734448427,0.826093525723351
618,0.174543218693372,0.134270615080213,4.03980502643981,1.16266983910604,0.760670846868626
6090,0.180073337014654,0.137627744887289,3.85222017115326,1.16549607157917,0.701594016771172
8072,0.177970740445471,0.14703004069955,3.96099916341372,1.16606578642011,0.731711616428697
2373,0.17645946277793,0.145732183742726,3.97537456533405,1.16824089426694,0.792248999017904
4796,0.185402338178189,0.144418291862811,3.83958291032775,1.1695712577105,0.675102616403515
5302,0.177366108471548,0.145187968171164,4.09544871294192,1.17035552894748,0.73866183173428
5386,0.184773343936294,0.142879425152866,4.19370197476388,1.17192919224503,0.774772732995895
1336,0.187182769918157,0.15141486330471,4.07164100899421,1.17194263643282,0.810833270378485
1031,0.17838050701462,0.148038783133982,4.0394545128403,1.17348461044102,0.744957316612526
4469,0.182915498506261,0.145486800828763,3.86038362519016,1.17889999464276,0.793155548840372
7711,0.189439008800766,0.150244313919091,3.90593344354208,1.18019026804639,0.800961950089396
2918,0.17563034032325,0.137360010262351,3.91157172702701,1.18033102581606,0.791946815743749
3351,0.176967936212965,0.136422210214926,4.13669711549072,1.18150788062324,0.732517438493113
4347,0.180273048471222,0.145312360301806,3.8817043395383,1.1816086125316,0.766160509682456
4105,0.178125616350802,0.14344064746104,3.89044785707228,1.18190289605871,0.748281332628239
8855,0.179212862680647,0.135025228278996,3.8643756266455,1.18230860375443,0.778147112890635
4951,0.189953706095249,0.149484355745945,3.88881069772405,1.18257677248577,0.726876684042205
8968,0.176216821001367,0.139279341965629,4.12658595741337,1.18286837131558,0.819193674296794
523,0.201534155862023,0.145882814838426,4.10807572024398,1.18350622988191,0.753922087079147
1442,0.175613958308447,0.143465428705816,4.08418337659847,1.18563519663648,0.749036790813629
5015,0.173702663843539,0.135710842717813,3.99319690420457,1.18655580125736,0.769182342424014
4926,0.191827399023246,0.149497961135234,4.13536801842197,1.18658623085877,0.771750900254338
4635,0.183314307176095,0.149745773582999,3.92455902588446,1.18787947427692,0.842663241922893
1588,0.175756386974545,0.134108322222265,3.92476911388465,1.18807501425095,0.653748331696507
6266,0.174672110624153,0.13875602038476,3.93110815356385,1.18904689795301,0.766160509682456
5999,0.204662451243446,0.140060194129469,3.92132570204418,1.18916318190515,0.77321145274609
6687,0.174320973089761,0.133478587060886,4.021565703022,1.18973620893143,0.816423660950366
557,0.185628446687607,0.151302132936315,4.07452012662677,1.1916334668825,0.737150915363501
3643,0.186247181806332,0.142741913539695,3.82187337750527,1.19240707486881,0.803580871798746
255,0.175207321752819,0.136536398303602,3.91907023985538,1.19308691592617,0.754073178716225
3372,0.185729105925335,0.149690866119082,3.90122486336533,1.19330705233858,0.777844929616479
3607,0.174085123282503,0.13506167128602,3.96872425232677,1.19338332962744,0.71771045805948
5520,0.177719206314026,0.147874060742232,4.0327995839056,1.19353341614655,0.790133716098814
4146,0.179366896596327,0.142262809474016,3.86297978175714,1.1949550131957,0.767923245448364
8399,0.173928385896789,0.137170992532585,3.95380780096326,1.19775139836942,0.822014051522248
8214,0.17648086412121,0.144451333522513,4.09863250272464,1.19888235438898,0.802422502581149
6343,0.175620877423574,0.140980987440282,3.91133635628859,1.19991180262463,0.749943340636096
1062,0.175172438451229,0.131552938569724,4.02209234564827,1.20111952482536,0.77421873032661
1615,0.195883342769829,0.151335660502777,4.05644858975967,1.20459296235983,0.806350885145174
8597,0.179909788610939,0.137243878546633,4.17988470258064,1.2046759879723,0.793004457203294
465,0.173413188090414,0.136224446163475,4.0416347037704,1.20588142050959,0.708292412681625
2621,0.176330934784445,0.146487768755029,3.97862967294102,1.20771716963949,0.747828057717005
4116,0.173578389185923,0.137140866313445,3.96079437884141,1.21129759446258,0.727883961622724
9106,0.174839943285318,0.132112217250856,4.04407392620437,1.21306255805963,0.73916547052454
5117,0.173599012932888,0.138336682850601,3.95545078682199,1.2137899896895,0.782226587091738
151,0.196459269949117,0.151332745062216,3.97236041995802,1.21586609878164,0.787011155599204
668,0.174788063892846,0.132269165134441,4.05154272572727,1.21789617014299,0.764901412706807
5806,0.177634183702576,0.134361479644394,3.87835080447556,1.21916934851737,0.779305482108232
7578,0.180682960577906,0.14648922647531,3.88062415334751,1.22187335735038,0.772002719649467
5271,0.174829482817769,0.140838616759507,3.92061460839023,1.22222061710732,0.710508423358767
4057,0.197584583508723,0.146721975813505,4.1572533793857,1.22413371242959,0.786860063962126
7505,0.195129185681627,0.151828369957746,3.96973668669118,1.22435593613549,0.745964594193045
3392,0.176970490075178,0.144441129480546,3.90534950978227,1.22850036649184,0.730956158243308
5330,0.175239777159683,0.133686555154304,4.10027772739584,1.22938322595072,0.798494120017124
3263,0.179467352109797,0.143738022398358,3.86188956173513,1.23541103475313,0.751303165369797
121,0.174954460151976,0.133317751923219,3.93496377055818,1.235609838402,0.839037042633023
9887,0.192324035144142,0.147142285161185,4.18174518132141,1.23860049547023,0.764145954521417
4949,0.17625368718497,0.147221973869878,4.03653619278177,1.24035094788714,0.818186396716275
8550,0.180414133298813,0.136161278284632,4.18973883328486,1.24046981425596,0.845332527511269
1826,0.193241856317459,0.141568448713513,3.80712989520233,1.24109957280096,0.702198383319483
1871,0.176967454811448,0.1463240181768,3.93013989392881,1.24171872621849,0.759814660925184
6717,0.17284132036391,0.137814818990014,3.97512856093914,1.24196499311205,0.748382060386291
4224,0.176037167826042,0.146585436013854,3.96509965774648,1.24427014269512,0.787917705421671
1355,0.172681296571763,0.140432398707877,4.01900983373386,1.24678085551958,0.724711037244089
7667,0.17709965991631,0.130744875627306,4.10893019811118,1.2482718867032,0.80952380952381
1054,0.181681146530518,0.150669968241134,4.07450183098137,1.24866194556452,0.774974188511999
5188,0.18033075957293,0.15015393526167,4.06610357011372,1.2495763607161,0.792148271259853
7955,0.18219133132476,0.142504791040657,3.82814313778347,1.25123662159414,0.661856916219687
7166,0.178715331951922,0.146959584219303,4.12133486761452,1.25136385663075,0.766664148472715
5348,0.188824453281457,0.141087401020793,3.80018495392602,1.25136959995293,0.722797209841102
7239,0.172891738154855,0.138645719550167,3.96331518703868,1.25173565207473,0.740273475863111
8738,0.18335749419832,0.152008641365826,3.99048514231729,1.2529329335065,0.83546120722218
6853,0.19314571029168,0.151109713859227,4.11576415116299,1.25311468515645,0.762131399360379
5741,0.173999460696728,0.14402616510723,3.97742317896408,1.25329999432887,0.781017853995115
5187,0.17306112360026,0.141679235454867,3.97618996330959,1.25695354220901,0.793860643146735
827,0.188408690897365,0.153063544942488,3.98684598499862,1.25715355638181,0.742338394903175
9972,0.176698084787686,0.147619445599823,4.05961702360771,1.25818117639107,0.709803329052404
8996,0.175254547241903,0.130348861617642,3.98135347055734,1.25965031926921,0.768426884238624
8469,0.178041910751172,0.149336154184046,4.02047691744431,1.25990079065094,0.666943668001309
7714,0.19301468723059,0.15281184524064,4.04930890429321,1.26003116870889,0.778197476769661
6155,0.173546701452761,0.136843491376127,4.09084399379074,1.26140197861256,0.663468560348518
4703,0.173199116027511,0.14272004773548,3.98339962935128,1.26403406185431,0.821006773941729
409,0.18050192217981,0.131424173278238,4.16833889214327,1.26444522234506,0.829719725013221
3299,0.172798069966281,0.141887689455046,3.99528760734784,1.26553186548714,0.774823096874921
6166,0.190966494268469,0.153164127641875,4.04407483964535,1.26722152725242,0.765002140464859
4539,0.174543922479122,0.145766197215949,4.00387177373089,1.26779105947175,0.822416962554456
6551,0.174542310422763,0.143058238840665,3.9280014049845,1.26870759936085,0.831835007932311
8683,0.182097346831044,0.148206420966294,3.87832122630163,1.26904689175236,0.768880159149858
5093,0.18875353498559,0.143450851503007,3.80636864095795,1.27010873527811,0.792450454534008
6959,0.179553993531998,0.143739480118639,3.85242174403395,1.27093420180629,0.749993704515122
749,0.189684835129689,0.136527166075156,3.79414492040158,1.27101835859735,0.680944826370527
7643,0.174691888032724,0.132145258910558,4.08180165771395,1.27186621712252,0.781722948301478
6960,0.174156454765773,0.144145212263509,3.95288765683287,1.27784861233382,0.758454836191483
3755,0.19496114201063,0.142290992066114,3.80835846554333,1.27842517843657,0.80327868852459
4754,0.183707345801641,0.151439158642726,3.93236395027504,1.27952286472389,0.716703180478961
1865,0.174659536376867,0.144057263139891,3.93264180788899,1.28069063393263,0.696708720505653
4302,0.180672327685946,0.151203493863969,4.03904618704341,1.28115876709188,0.811941275717056
8026,0.174632488041993,0.130448958410269,3.99723889935203,1.28296210334739,0.790738082647125
5122,0.179699090853965,0.145845885924642,3.8668246023545,1.28335412963512,0.722595754324998
3563,0.173316916087488,0.143745796906523,4.04433858100445,1.2859905713553,0.788018433179724
7198,0.172693593531343,0.133976155583457,4.01630606763758,1.28620868776049,0.816927299740626
2331,0.17689355509786,0.141426563939499,4.15957167474636,1.28642158579802,0.830424819319584
1426,0.186581552686993,0.150960540483808,3.89493259206775,1.2869159134045,0.824532245473546
2247,0.172452085135767,0.136589848047238,3.96551355207238,1.287672888386,0.707839137770391
9713,0.175898692249603,0.146138401794356,4.0936699728428,1.2880388752779,0.769837072851351
6149,0.172805758450037,0.141611208508422,3.96250548384603,1.28869793634741,0.674649341492282
5976,0.178016751153869,0.149288049414774,3.96227072189768,1.29069808412469,0.808818715217446
9415,0.173107054693841,0.143010619978154,4.05703011606867,1.29183396421387,0.721890660018635
5576,0.193341250496574,0.14360585575955,4.21891032084325,1.29380740209859,0.807408526604719
3325,0.174550507834646,0.136919292830737,3.89488680434262,1.29861291979092,0.77346327214122
2488,0.178466150223223,0.147369689525016,3.8974275452003,1.3027540512514,0.794162826420891
1694,0.187610111742496,0.135759919300605,3.79185564725127,1.30375435969561,0.69313288509481
7413,0.186000649388895,0.152981426699993,3.95868096677887,1.30584001556638,0.732718894009217
3751,0.179666359057772,0.150965885458171,4.04409702748117,1.30703476792374,0.800105764145955
6257,0.187156861081718,0.153454699884549,4.04738533809382,1.30706909684173,0.782780589761023
8730,0.172535437996001,0.13672833147393,3.9459930769897,1.30923715803911,0.760469391352522
3036,0.179326730959183,0.150980462660981,4.01339556577937,1.30941533448114,0.742539850419279
6949,0.186360340907333,0.153403193767954,3.98149114316047,1.30990360330511,0.793306640477449
5930,0.17184720706649,0.135985380037395,4.02523705613979,1.31014050116224,0.720530835284934
9251,0.175152726195599,0.146816241725008,4.06410998609564,1.31054107651155,0.745511319281811
2631,0.172702553678105,0.143507216687204,3.9966287637119,1.31060924209549,0.792651910050112
4035,0.176961656386778,0.148383776933812,3.94792226638384,1.31150541984126,0.776535468761804
1136,0.194859936278617,0.149591255233216,3.86816414155341,1.31358110358348,0.73866183173428
2846,0.171899093585221,0.140763301211657,3.98613600850216,1.31483108350814,0.77059253103674
7093,0.183396631688774,0.129476173076101,3.84332013419795,1.31584994032317,0.729797789025711
1440,0.177654502920276,0.144689913741832,3.87039832909456,1.31674908261831,0.727178867316361
6415,0.173377401949041,0.135483438353981,4.10573685902947,1.32149202129339,0.749993704515122
6889,0.179791100872778,0.151391053873454,4.02904850015522,1.32260149145206,0.769182342424014
2269,0.171730317863574,0.137194801963841,4.05042023230482,1.32300450601878,0.820603862909521
5704,0.190031061355224,0.145684078973454,3.80994392631661,1.32517262413802,0.803580871798746
936,0.182729737223686,0.151992606442735,4.08566257235709,1.33089310601552,0.82186295988517
3899,0.178949734732621,0.135325518656876,3.83138356125082,1.33267826732145,0.780866762358037
7146,0.181281719203021,0.149848785816187,3.89600845478617,1.33471454810929,0.722092115534739
8638,0.183488664975784,0.145309930768005,3.82048219051292,1.33816908903654,0.788018433179724
679,0.182021959301399,0.132005317763585,3.82380375302273,1.33900281209212,0.803429780161668
5363,0.17767645561679,0.150133527177737,3.98004963789581,1.34005048637059,0.673289516758581
685,0.175762873499834,0.148244807600359,3.96634763812384,1.34105876926326,0.80589761023394
4056,0.175860243682238,0.141590800424488,3.86670817653851,1.34114819603288,0.678879907330463
2323,0.182042052923978,0.134812401117974,3.80796052138408,1.34264766267749,0.727531414469543
5017,0.189147947710194,0.142192838900529,3.78711907673922,1.34378754453133,0.753972450958173
3572,0.173314281590699,0.138953298529452,3.9042944971459,1.34412227550658,0.741734028354864
8049,0.176848650840317,0.132859541848234,4.15982891475708,1.34440812614901,0.824179698320365
1253,0.1789966812749,0.134722994274075,4.19504618335513,1.34519560436624,0.747072599531616
5804,0.183295943211177,0.15048386595193,3.88588444096537,1.34659244328955,0.710961698270001
7448,0.171327874698906,0.140657859444667,4.02535742188536,1.34682056485741,0.765052504343885
781,0.176810227399988,0.149755491718205,4.02379523798834,1.34685299304699,0.737402734758631
720,0.179823356479152,0.143277382789571,3.82958691898449,1.34694235086407,0.835864118254388
4177,0.172210683659418,0.133938254856152,3.9660154226486,1.34741529821289,0.790738082647125
7612,0.171276095758762,0.136129208438451,4.02048273504153,1.34760092482168,0.723703759663569
6980,0.176975778533633,0.146997484946609,3.89958599767573,1.3490723582139,0.783334592430309
8245,0.178510331528378,0.132446035195198,4.17805899969233,1.34987194388399,0.787766613784594
3763,0.173634608930944,0.133871199723227,4.11165475388588,1.35078134776287,0.797537206315631
761,0.173331008685997,0.130682679561984,4.00928016363816,1.35092664121342,0.634106418876382
6519,0.176203225234725,0.141306544969699,3.8578280734532,1.35140170031819,0.746921507894538
2999,0.185841830761594,0.153277829823791,4.08013294321845,1.3519575862118,0.720127924252726
5230,0.179715624632148,0.151487263411998,4.05597262484663,1.35218963364374,0.801465588879656
5341,0.174822950075134,0.141163202475403,3.87723762347619,1.35506762350269,0.730855430485256
634,0.176287006471353,0.14320012361468,3.86612385570049,1.35540818369281,0.768678703633754
6874,0.171271148667947,0.138009181694143,4.05379716817763,1.35552447757721,0.689355594167863
8251,0.189394694260883,0.154238953395711,4.04464846647297,1.35575851699936,0.814660925184458
3186,0.176579572205361,0.14651935269445,3.89572818257696,1.35849308870449,0.69549998740903
3002,0.176046318717148,0.147541214611411,3.92347766848735,1.3622530035645,0.800961950089396
8707,0.178675815769197,0.149638388188967,3.91764688671879,1.36375274964262,0.771247261464078
5757,0.18260814890426,0.131093756681218,4.20383978204075,1.36437169855968,0.824784064868676
930,0.180422163032324,0.13656263726866,3.80935596300029,1.36460535716475,0.811840547959004
3315,0.183902290304663,0.149641303629529,3.86071567115864,1.36643305264947,0.758505200070509
8974,0.175724094245187,0.133456235349911,3.87072092765699,1.36841922208463,0.796681020372189
7173,0.174340040339924,0.145024703499695,3.91604101645136,1.36896269039576,0.803731963435824
2442,0.176312231853574,0.14965831036614,3.99311322987463,1.36939666104078,0.806099065750044
3783,0.181836276136006,0.146152493090406,3.83055073074233,1.36993624488862,0.807660345999849
92,0.177638030305053,0.150740910628141,3.99628322064069,1.37064917729237,0.740575659137267
9099,0.172870203990488,0.142475150728277,3.92255187017824,1.37193140196874,0.754224270353303
5604,0.188444646719427,0.154336134747775,3.9712133622021,1.37607861801568,0.674145702702022
8446,0.180032219356844,0.151966853384438,3.96710550691055,1.37648598523808,0.702752385988769
57,0.18677540898238,0.14733081698419,3.81769637877845,1.37681254824252,0.751706076402004
3481,0.184995843660382,0.143555321456476,3.79517710035163,1.3769568673546,0.715141900229156
1180,0.174779552675882,0.146070860754671,4.10831358218079,1.38012539829085,0.761829216086223
2388,0.176604586060938,0.13462532701525,4.17729928702082,1.38077706644677,0.745058044370577
8369,0.175371999166889,0.132731262463508,3.87746855768988,1.38421039762136,0.700637103069678
2994,0.173405706461671,0.130335742135113,4.0579591038982,1.38510252322412,0.716098813930649
4588,0.188691305984021,0.150783184516289,3.85686047970593,1.38650197982977,0.740525295258241
7106,0.170639920691056,0.139374093783892,3.99141227583354,1.38794292620321,0.805494699201732
8005,0.186953476024981,0.151110199765987,3.86596404775373,1.3880268458356,0.783485684067387
2745,0.185729230799696,0.154385211330568,4.0278339495192,1.39049537094561,0.669965500742867
9762,0.176095425860768,0.149879397942088,4.03265263243862,1.39355325289418,0.787917705421671
7257,0.183376128098308,0.152406599002531,3.91588100819414,1.39407659758798,0.785953514139659
5874,0.181559308036058,0.143243855223109,3.80676842643529,1.39415254201772,0.769988164488429
5430,0.180961412998896,0.151807475967052,3.9278651256008,1.39462092030167,0.805293243685629
8944,0.182941242036266,0.150556266059218,3.87514192623995,1.39471810213602,0.737755281911813
4983,0.181254098877048,0.15308103758586,3.99359767909114,1.39521778207896,0.732315982977009
9539,0.183191497697316,0.130446042969707,3.81709877175526,1.39600432232181,0.712825161793961
8659,0.18430619379582,0.131272570369017,3.80527989396245,1.39617034735689,0.678678451814359
5681,0.177156222327508,0.150656362851845,3.98098946214509,1.39648850547155,0.76323940469895
1006,0.198770947710018,0.149952769862897,4.14567530469574,1.39732261743687,0.862103699226914
7965,0.190596303739262,0.153755962075949,3.92495290530546,1.39800524590596,0.737654554153761
691,0.174146513162501,0.140883320181457,3.87475214758989,1.39822854639171,0.724962856639218
7330,0.173758529519173,0.147034899767153,3.96443992695405,1.39828904941372,0.754929364659666
1366,0.172121954461019,0.142144734131257,4.09585311974993,1.39844823550376,0.816272569313289
5596,0.171485800672325,0.142788074681925,4.06008067442032,1.39867844718318,0.785600966986477
6174,0.170386871069646,0.139462528814271,4.02289243778946,1.40223328982566,0.749792248999018
5031,0.184938745095039,0.131623880956731,4.22661924316994,1.40338918291741,0.787917705421671
6912,0.177324173992621,0.143582046328294,3.84287277345183,1.40376027239827,0.807609982120823
4704,0.171451678367432,0.14204415143187,4.07574392719586,1.40603650425363,0.803731963435824
4529,0.201138428294535,0.147756957212994,4.15810843970602,1.40785342706176,0.846239077333736
3800,0.174420705070501,0.142864362043296,4.14802714209161,1.40921520272304,0.807106343330563
3512,0.171385220130131,0.141980011739507,3.94959855440918,1.40964503620704,0.721538112865453
4697,0.1773895131656,0.146085437957481,4.16331707499863,1.40972709335257,0.808113620911083
8056,0.181612407999665,0.152144695258716,4.10429360249379,1.41127836543722,0.830273727682506
123,0.173890117059462,0.145013527644207,4.11655440662759,1.41166048290046,0.821107501699781
8019,0.185083865580949,0.153978021465417,4.07528779555387,1.41207552891838,0.79305482108232
4218,0.175016436696825,0.137897423139269,3.8522980828469,1.41290933012704,0.773261816625117
1797,0.177231137524276,0.148180667907996,4.13328024277775,1.41399084005088,0.79280300168719
9778,0.171270199090946,0.13431094534132,4.06898220295864,1.41447085139685,0.823273148497897
8274,0.188305523219939,0.155050903592211,4.00768012682475,1.41621479325598,0.777290926947193
5882,0.180165964781276,0.148408072271828,3.85816245145845,1.41670683710948,0.789025710760243
9053,0.170327263282342,0.140743379034484,4.01061252514601,1.41682446124819,0.782428042607842
9180,0.170918293220069,0.135819199925365,4.0712992855028,1.41685041677663,0.734129082621944
8942,0.171850810951168,0.136979059362257,3.91348859028104,1.41879469503343,0.684671753418448
7653,0.182366173920924,0.143205954495804,3.79691194428664,1.41907778299813,0.778096749011609
961,0.177742675851,0.149122355209504,3.89876782502781,1.42198344853857,0.820654226788547
4546,0.173233085401874,0.132173441502657,3.91348421644285,1.42244865172726,0.796681020372189
4636,0.177348763208017,0.126397953749451,4.09137604368247,1.42377575690944,0.769232706303039
9910,0.176740418820739,0.139799748105935,3.82902235578484,1.4245946827587,0.810329631588225
5476,0.171062212482685,0.133970810609094,4.06044679610712,1.42527445085038,0.804739241016343
3257,0.176202436123559,0.14937308309783,3.93514216330751,1.42585632562212,0.827000075545818
8042,0.179486737888487,0.141952315054169,3.80898916402308,1.42625621202467,0.762433582634535
9186,0.173192902895163,0.147376492219661,3.98860341493828,1.4266405567451,0.761476668933041
3874,0.173009875163801,0.130974223618178,4.08852598669231,1.42817137040548,0.815567475006925
889,0.193219823106068,0.143443076994842,4.24515184193158,1.42862805959369,0.811034725894589
1452,0.172309320263533,0.135040291388566,3.90578741130784,1.43038037166098,0.7906877187681
7418,0.172291913962863,0.132698220803806,4.09664995949694,1.43200214415165,0.828460628037571
3693,0.171964139153101,0.144087875265791,3.94245756425839,1.43247892162024,0.770088892246481
9580,0.172271849141952,0.13133719596814,4.07066730223642,1.43309588187794,0.815668202764977
8345,0.171550455251784,0.143192835013275,4.08178448259192,1.4335549719652,0.770189620004533
6141,0.175950566525374,0.14372538882259,3.85318688817556,1.43355585742706,0.791342449195437
7143,0.189611628119234,0.143460083731453,3.77566994795186,1.4355930910519,0.799652489234721
4774,0.170765010853924,0.141777874527213,3.95860282835485,1.43575314597867,0.818639671627509
1479,0.171574018421752,0.140966410237472,3.91970996169551,1.43581270857426,0.764196318400443
8885,0.173615401946192,0.14291538225313,4.14190961036533,1.43753178721037,0.747979149354083
8463,0.170723048803416,0.143271551908447,4.02584942324806,1.43765927997009,0.735992546145904
9215,0.17143308023826,0.135814826764522,3.9220634963543,1.43835127330628,0.708594595955781
3224,0.173535574042349,0.134550011467399,4.14631488525122,1.43865817863345,0.725667950945582
6761,0.184629190209196,0.154084920952688,4.08278783773142,1.44032316324175,0.787867341542646
256,0.181898810376927,0.153202514275941,4.08464058411094,1.44114857952444,0.818387852232379
1665,0.185472508109514,0.139668553280648,4.25616225467217,1.44464167178186,0.744050766790058
3094,0.170809952865407,0.136969341227051,3.93434473803895,1.44495276452442,0.807055979451537
8817,0.182004861443472,0.154041189344259,4.02945547493221,1.44504961101544,0.774017274810506
8674,0.182452448431315,0.132991708487042,3.79329459188902,1.44649634554082,0.765052504343885
2226,0.173892642622525,0.14422149962488,4.13943465829757,1.44810887092571,0.744554405580318
1570,0.187358537189641,0.147253071902539,3.80079604144158,1.4483858952777,0.707134043464028
5312,0.172224844752739,0.130720580289289,4.06317203230945,1.44888853257743,0.791997179622775
5236,0.170493030718001,0.139134055844292,3.94279504489148,1.44923036970531,0.816272569313289
8480,0.169730947635334,0.139308982278009,3.99425293603473,1.4510027950447,0.712623706277858
1672,0.181848147946645,0.149364336776145,3.84746437610128,1.45303715751843,0.753972450958173
4128,0.18098060102735,0.12920455119708,3.82979595819161,1.45472756340125,0.749993704515122
3230,0.176695933040013,0.146052396297779,4.16749268677752,1.45520313234806,0.796529928735111
8330,0.18016969423631,0.138777886188975,3.79153263235375,1.45551724447968,0.789881896703684
977,0.170500561844738,0.13369432966247,3.97925511269253,1.45635056376223,0.733121805041424
3900,0.178525913456676,0.152328368014118,3.96891403360337,1.45760460530636,0.779255118229206
7763,0.187386752683116,0.150756459644472,3.83956398325552,1.46025964807468,0.698270000755458
2064,0.170061311394763,0.13641297798648,4.06412105170265,1.46051186584402,0.676714260532346
7830,0.172927113803186,0.134128730306199,3.88661490362048,1.46079840814815,0.756843192062653
1926,0.17402606122068,0.149016913442513,3.98311482423741,1.46168191149496,0.801364861121604
7039,0.175728987809302,0.138202572584752,4.19511826226997,1.46235315373054,0.803832691193876
4705,0.169627852023148,0.13798974542373,4.04421173836736,1.46360529092558,0.834856840673869
6267,0.175833532472823,0.145205460814535,4.16722360176762,1.46539553597728,0.807458890483745
2516,0.17754013176079,0.146686990526762,3.85126925856528,1.46671965175079,0.783586411825439
1101,0.179971741496142,0.153535846313523,4.01752020466558,1.46777348086646,0.83520938782705
3838,0.179933707451616,0.144751623900393,3.8112572501268,1.46874740410262,0.769283070182066
7369,0.181128124851776,0.140958635729307,4.23952530040062,1.46882549177307,0.762786129787716
6536,0.173534887797062,0.136237565646003,4.16327836697226,1.46967387150704,0.772858905592909
7278,0.177373130642547,0.130138949897182,3.85037505937334,1.47013049883715,0.724660673365063
4293,0.172758364985873,0.147853166751538,3.99383686708094,1.47181816675922,0.78232731484979
3740,0.190945239210454,0.150706411248158,3.83285139486133,1.47484000855637,0.766160509682456
2445,0.173673992728126,0.147221487963118,3.92325159657994,1.47708527889969,0.768275792601546
8167,0.185481983312631,0.150120407695208,3.83179708816349,1.47723853299666,0.796227745460955
4392,0.171313178136019,0.145607791612083,3.98177980693004,1.47727207113085,0.78806879705875
800,0.175037715023818,0.141663686438537,3.84209315258351,1.47774475126675,0.750648434942459
5092,0.170572425817851,0.13919090693525,3.92393977984959,1.47815181463005,0.835864118254388
9047,0.170531101003852,0.134107350408745,3.94751429154348,1.48098973534236,0.785903150260633
8798,0.173175976010379,0.146328877244403,3.91706898715811,1.48212014379949,0.804134874468031
7596,0.169196105889515,0.1385154965384,4.01710797437166,1.48324710136553,0.748180604870187
6925,0.17821233603282,0.145245791075642,3.82630485326009,1.48355007238127,0.771247261464078
1980,0.175332927607828,0.150321087187222,3.960580176006,1.48478849274118,0.776686560398882
7238,0.169270896431993,0.140075257239039,4.00552267640433,1.48555524950327,0.780715670720959
714,0.16950176865339,0.136365845030729,3.97575914340491,1.48582701206635,0.710155876205585
3083,0.18497532322652,0.1529911448352,3.88400066614109,1.48616252885539,0.76847724811765
1258,0.177658098219169,0.147096609925715,4.17637935752988,1.48623998130242,0.813804739241016
9607,0.172659449467365,0.128630695313138,3.98884696104741,1.48771136773657,0.734431265896099
5844,0.183683134630929,0.15257132139428,3.88201797894788,1.48774041612316,0.829216086222961
6443,0.172133727502244,0.132177328756739,4.11166459586373,1.48807461522159,0.735287451839541
8403,0.170990848500102,0.138152038281678,3.90561549005963,1.48909553824634,0.818790763264587
2148,0.171003818362786,0.144237534547971,3.94735025712906,1.49119294821232,0.734834176928307
3397,0.175173653976127,0.149440624137515,3.92914972428058,1.49193628402764,0.819949132482184
6888,0.176520466079356,0.150191350082215,3.91643177103345,1.49358985923196,0.816071113797185
2298,0.172021009836241,0.144704976851402,3.91758788101049,1.49399164463165,0.806300521266148
1043,0.170922302041353,0.134509195299532,4.10503889989692,1.49501041487506,0.745058044370577
7608,0.188983381142703,0.145339085173624,3.77505087234779,1.49573171268356,0.800508675178162
4369,0.176935792499832,0.150494555900657,4.11083585411897,1.49586161340291,0.820100224119262
1038,0.170515794792244,0.137985372262887,3.91648071475074,1.49587409121012,0.789076074639269
6458,0.178743639501915,0.130417374470848,4.199079892055,1.49679183210312,0.811840547959004
4808,0.178880648561478,0.152694741711402,3.94558149373711,1.49805847494962,0.764448137795573
5039,0.17045694451543,0.140819666395855,3.92363321243047,1.49956231335517,0.721941023897661
3841,0.180456717599494,0.150770550940521,3.86884057984667,1.50037736810398,0.746619324620382
7377,0.17699283256486,0.142687491982538,3.81811265170821,1.5010876654862,0.673138425121503
7480,0.169886396155223,0.136777893963483,3.93809883203945,1.50261261665021,0.716854272116038
116,0.183263384899271,0.154895413428908,3.96480626993491,1.50266898155105,0.774017274810506
6628,0.193764313362963,0.155587830562369,4.05899246407796,1.5061332840339,0.71408425876961
7931,0.171522090760685,0.13485078775204,4.12921016940756,1.50681068280219,0.806300521266148
7138,0.202179472585752,0.15207472468523,4.08178045024828,1.50828683959709,0.773312180504142
8433,0.176148991055719,0.140532009593743,3.81752910998868,1.50843985772917,0.819395129812898
4984,0.191995696154237,0.145117511690917,3.77221298057038,1.50942507727057,0.716400997204805
5012,0.169709465902091,0.143424126631189,4.02105864736469,1.50961522687996,0.752612626224472
9591,0.192304484848342,0.146640829384531,3.783051876489,1.50979493839647,0.747878421596031
5070,0.177780650072,0.147413421133446,3.84445693315723,1.51200258730098,0.839993956334517
1629,0.174248684135944,0.145411485280912,3.87062564237834,1.51262266292021,0.697111631537861
9077,0.172053085925866,0.138855631270627,3.87242591697327,1.51415521861152,0.747425146684798
1434,0.168873913585871,0.136904715627928,3.99508740829115,1.51421020859888,0.737251643121553
8490,0.170563855952299,0.144776405145169,3.96213547158507,1.51662756276025,0.805041424290499
4899,0.170635342543541,0.135330863631239,3.91286229531887,1.51675826149766,0.694593437586563
2496,0.171861832360128,0.140204022530525,3.87746829610485,1.51812371779394,0.809825992797965
6428,0.190434825516345,0.154451780556732,3.89619100604837,1.51841178039577,0.862708065775226
7242,0.175439384555158,0.129765773505254,3.86650154436226,1.51907564977472,0.722243207171816
7862,0.1711467153226,0.14668504689972,3.99990922585862,1.51910082006881,0.770945078189922
645,0.18890424971398,0.152682594042394,3.85417222518522,1.52009421712794,0.706831860189872
9067,0.169027998956198,0.139106845065714,3.96638296270552,1.52021052977541,0.75226007907129
4495,0.186980057995876,0.136642325977353,4.27251723441998,1.52031261557469,0.734783813049281
610,0.172838537818464,0.149014969815472,4.00128211047569,1.52047743672517,0.804134874468031
7930,0.176401843974481,0.1280641280306,3.8755020897329,1.52069414846482,0.771650172496286
715,0.16901467184881,0.135126782791904,4.02810285848926,1.52263018109777,0.790284807735892
1571,0.16961096025968,0.133292970678442,4.04473091400489,1.52516283302159,0.746166049709149
2667,0.191444111852233,0.156357992777482,4.01273839508112,1.52541725315405,0.713278436705195
6476,0.178237225470374,0.153146149091743,4.05722755397549,1.52585034141876,0.777996021253557
7782,0.16996188600909,0.143866301783083,3.96599567061899,1.5268055686565,0.804084510589006
1995,0.180701624820414,0.153529529525638,3.92575864852206,1.52737180661307,0.736445821057138
7687,0.173491724088294,0.147746753171027,3.91468336926006,1.52784989316317,0.714134622648636
8464,0.182727751926728,0.131566058052252,3.78368074385661,1.52906134329983,0.689959960716174
2704,0.171044510231316,0.132744867852797,3.91844053073109,1.53045303160938,0.805293243685629
3127,0.171038374769134,0.133082087144462,4.11117163622677,1.53084364235277,0.689003047014681
280,0.188274849724727,0.145262797812253,3.76842473083386,1.53146180316685,0.778096749011609
7843,0.173510215219618,0.129639437747569,3.89902937109304,1.53184446712365,0.739064742766488
9324,0.175298897161837,0.134533004730788,4.19859240628221,1.53190486950546,0.866686812218277
4000,0.168732160203379,0.135641843957847,4.00666186449739,1.5333564848908,0.835864118254388
1499,0.17594289494263,0.127209418039191,3.89356709705877,1.53389437974167,0.781974767696608
7215,0.193141288374931,0.15105383458179,3.82723875594615,1.53409688068994,0.762786129787716
757,0.178689329668367,0.149513996058324,3.85603928771209,1.53467016870818,0.824582609352572
8871,0.180354860333627,0.148158802103782,3.82287452045117,1.53557382224398,0.682254287225202
2279,0.178985725644712,0.15278074720798,3.92469678869556,1.53558704227624,0.732315982977009
2695,0.173569041426949,0.139050479881516,3.84059355147962,1.53627542176587,0.740928206290449
589,0.170383411377755,0.131641373600103,4.06444965010979,1.53659143566987,0.804487421621213
2101,0.171986733139661,0.134041752996101,3.88005950570674,1.53750301003244,0.756037369998237
5858,0.184398890187906,0.135746313911316,4.26764857942173,1.53844775111905,0.802523230339201
8477,0.173500057939413,0.149018371162794,3.94033480762483,1.53925035223629,0.719070282793181
8927,0.17439242762567,0.148179210187715,3.89704636770395,1.54009207745903,0.81214273123316
6903,0.169862489675658,0.142535889073317,3.93693758064102,1.54202121299274,0.675304071919619
2857,0.172806136891931,0.134243890208396,3.86161070334719,1.54248621259444,0.71408425876961
9739,0.18414790885497,0.15525887168563,4.08370440460949,1.54249669265431,0.81138727304777
3320,0.178650399138308,0.139185561960886,3.78494431941698,1.54415809753483,0.712724434035909
701,0.175691494057275,0.147534897823526,3.86330644637341,1.54419506274359,0.80902017073355
5525,0.169315725912046,0.143688945815565,4.02749931008756,1.54463680248767,0.813653647603939
7235,0.176780452296961,0.123791549887075,4.02362858439888,1.54628648315989,0.738359648460124
6712,0.184935102183306,0.145241417914799,3.77246457618332,1.54639049153593,0.792702273929138
2415,0.170423319367938,0.138588382552449,3.8971306910765,1.54672336366268,0.73292034952532
2618,0.172464573530689,0.140244352791631,4.16834930799773,1.5467361096326,0.70360857193221
6429,0.182852601273596,0.149841497214782,3.82353521199274,1.54683076335463,0.788119160937775
2717,0.174355839973286,0.13822929745657,4.19879575059815,1.54686672548606,0.844526705446853
3688,0.173136167496138,0.144382820669307,3.86890041493291,1.54697167372496,0.819092946538742
8868,0.179131581376921,0.151937213072058,3.89288992280682,1.54712845713995,0.757397194731938
2016,0.194327455573871,0.153389588378665,3.86965828458917,1.5484172518438,0.802271410944071
9042,0.184109623345805,0.130851775114577,3.77841117444541,1.54911202724035,0.774017274810506
3034,0.180029328830926,0.149422159680623,3.83745119411935,1.54961980293494,0.783334592430309
8380,0.168881604583308,0.135248259481984,4.05836003190144,1.55014154604939,0.712875525672987
5869,0.168787225301165,0.135066530353623,3.97652837010678,1.55116144689835,0.793357004356476
8992,0.170784514400409,0.144403714660001,4.10303648472738,1.55219228962274,0.764649593311677
6514,0.174880246533494,0.149473665797217,3.90777419671234,1.55247454805932,0.771398353101156
5923,0.189468545283315,0.148342960765944,3.78717155714479,1.55271846602872,0.808617259701342
998,0.169953245002913,0.144965908781696,3.97042472900172,1.55406423893874,0.794616101332125
9725,0.182045824800403,0.147748696798069,3.80296556992088,1.55430174495915,0.697766361965199
8678,0.177671235126043,0.141477584149333,3.79489790593579,1.55565890129476,0.689859232958122
221,0.174318241623359,0.147878433903075,3.88718285523394,1.55609917922181,0.779658029261414
5924,0.187059752722626,0.148509626784735,3.79065708924521,1.55681583721198,0.76323940469895
4158,0.169790250577283,0.13262825023032,3.95278841900297,1.55744375741563,0.699629825489159
4159,0.170078847871937,0.134977123509724,3.91308194878952,1.55774559866565,0.74178439223389
232,0.169608714942904,0.136794900700094,4.10745771926624,1.55808409127391,0.804185238347058
7484,0.170838757146353,0.138178277246736,3.88256417961354,1.55859554731912,0.787162247236282
2556,0.174564046384277,0.135116578749937,3.82692463304183,1.55918676751944,0.723502304147465
8109,0.1716133792128,0.142365335800444,3.8786578331448,1.55929130513091,0.779859484777518
4041,0.171135532795152,0.145704972964148,3.92822391405659,1.55969293247528,0.80403414670998
4545,0.175902917504225,0.145485343108482,3.83409018874096,1.56027796937589,0.773161088867065
1214,0.169960777784024,0.131185107152159,3.98130506429016,1.56063331333974,0.765304323739014
7135,0.17618206207233,0.146976105049154,3.84493148332658,1.56123345595147,0.741230389564604
6725,0.168992999320923,0.137973710500639,3.93496455582559,1.56366308289345,0.786507516808945
3919,0.184111917790215,0.145290980404352,3.7721395186176,1.5642583909426,0.702752385988769
6675,0.171826323613449,0.148410501805629,3.97528904279753,1.56435909696893,0.69288106569968
80,0.186943608752098,0.154912420165519,3.89721629892266,1.56485725386903,0.809825992797965
6916,0.1708415153659,0.139022297289418,3.88055632495229,1.5651045170611,0.761778852207197
6590,0.188432180165776,0.145119941224718,3.76108213738558,1.56531574910436,0.821560776611015
7128,0.169346255838375,0.136110258074798,4.09908273521868,1.56535592110758,0.822668781949586
9143,0.179438006958668,0.146002347901466,3.80262353974705,1.56625088342459,0.773312180504142
5316,0.171073612697459,0.144997978627877,3.91471593142949,1.56716798038667,0.696658356626627
730,0.175552236735211,0.152281235058367,4.0324512232929,1.56726369487922,0.76374304348921
3446,0.174812277091235,0.148702531768584,3.88698379323441,1.56918424878167,0.807660345999849
8080,0.187631332768215,0.148994075824778,3.79173160541486,1.56993007349785,0.824784064868676
5900,0.172538670818187,0.147081546816144,3.90658235501705,1.57111164313006,0.818085668958223
1106,0.176728011078759,0.151085418521211,3.90064164018422,1.57128600475155,0.777139835310116
6154,0.170363279622037,0.130712319874364,3.9584703248359,1.57130782761392,0.767621062174209
9123,0.181110506733566,0.155387151070355,4.01824565773123,1.57179424845323,0.774873460753947
5340,0.174805012526107,0.149905636907145,3.91021285241395,1.57315832802853,0.738309284581098
6787,0.175324267509965,0.144006242930057,3.82587320171186,1.576103268928,0.655511067462416
2082,0.168492634790322,0.138371668137344,3.94882571549887,1.57710755412781,0.853441112034449
7453,0.182348769009477,0.13863600141496,3.75602962111522,1.577899851745,0.769182342424014
2542,0.184930053937,0.155415333662454,3.92014738146426,1.57873224648893,0.718163732970713
4555,0.174360691498578,0.148362882943118,3.88572897106754,1.57938872821764,0.787615522147516
840,0.168561959467685,0.133655943028404,4.00212570658567,1.57946360069178,0.732819621767268
9165,0.173773225514221,0.150861901411462,3.97771798593597,1.57946721016978,0.781017853995115
8199,0.175297221317467,0.149907094627426,3.89715892182169,1.57955076389473,0.776031829971544
6238,0.173730153464177,0.150144217126464,4.08192027179047,1.57977273576301,0.795321195638488
2660,0.188232604966504,0.155756440208201,3.91494935654081,1.57999420260053,0.791543904711541
108,0.18417908740035,0.151418750558793,3.83041795495431,1.58013752487308,0.783787867341543
1219,0.168051613563375,0.140494594773198,4.03621090373484,1.58133379440269,0.717509002543376
5100,0.172240742207104,0.143910519298273,3.87009057535539,1.58134505289354,0.769635617335247
3515,0.180810978237661,0.152369184181986,3.87026784210419,1.58280598550928,0.706277857520586
6104,0.169797891748656,0.131333308714057,3.9623329020718,1.58299734504302,0.788622799728035
4098,0.174829958240279,0.137255054402121,3.81277168841061,1.58316532476541,0.624789101256579
6271,0.181672297358347,0.154315726663842,3.91162175546787,1.58406305534704,0.810933998136537
5918,0.170912972217848,0.146535873524301,3.93933928335483,1.58412139463975,0.810279267709199
2725,0.176087915523889,0.147350739161364,3.84343654744964,1.58577279881708,0.813200372692705
6186,0.168486536848581,0.133745349872304,4.03321107977543,1.5860228878145,0.786608244566997
7923,0.209043475706329,0.13917584382568,4.15096746379663,1.58603060824024,0.811236181410692
3310,0.17104382864767,0.14702955479279,4.08066741628103,1.5866114466771,0.765153232101937
3954,0.174334365720665,0.145643748712347,3.8490747081958,1.58672306659157,0.792248999017904
7554,0.172632185578678,0.141165146102445,3.84518589199513,1.58847813728585,0.677973357507995
5925,0.170258939608168,0.13787021236069,3.88484853618556,1.58932035785249,0.678174813024099
8500,0.174463966036236,0.138221037041644,3.81497106039244,1.58948518357921,0.773866183173428
1465,0.176991301325073,0.125251213795087,4.12979018173356,1.59001426611429,0.820855682304651
1150,0.169879794818063,0.133774018371163,4.11231385634526,1.59177106155266,0.745612047039863
5788,0.168490363501108,0.133245351815931,4.01553113514213,1.59227816457692,0.801465588879656
440,0.173169510143519,0.15033372076299,3.96496005098129,1.59353790720349,0.799299942081539
7018,0.177621796870123,0.151910974107,3.89629808969199,1.59379378107979,0.784392233889854
4117,0.168986881115061,0.14309565366121,3.94926025059854,1.59381357642829,0.828057717005364
6580,0.173306513163812,0.144013531531461,3.84844747938452,1.59470384430905,0.763541587973106
9494,0.170447354985499,0.136925123711861,3.8795826698643,1.59575767275432,0.776686560398882
7055,0.168120230883278,0.137331341763492,4.06931889624385,1.59591174293608,0.7658583264083
2554,0.188850437369783,0.154144687484208,4.16386964159424,1.59616270606468,0.817984941200171
354,0.169052927043485,0.134041267089341,4.08837091614042,1.59703152214505,0.781017853995115
8662,0.171036701564177,0.148286595581747,4.03809932238363,1.59799807778059,0.648812671551963
587,0.169581231408693,0.142965430649444,3.92021160874976,1.59903580930401,0.736647276573242
4432,0.17019403531721,0.144187972058418,3.91441037169205,1.59983925010571,0.811286545289718
9589,0.174567355438743,0.148252096201764,3.87285685039144,1.60014850301721,0.828410264158546
8493,0.172801031405713,0.150237511224446,4.05235048392391,1.6008962113185,0.815265291732769
9907,0.178856194049865,0.14901254028167,3.82901181476385,1.60144265373703,0.804688877137317
3577,0.173270412602243,0.147934313180512,3.89163112860014,1.60174117304948,0.825992797965299
8050,0.187975713761009,0.153401736047673,3.84576176176517,1.60206895188862,0.841958147616529
7266,0.167926098023148,0.141905668005178,4.01368960402158,1.6026016948858,0.782730225881997
6663,0.175520581644877,0.152054316601296,4.08349306437638,1.60309573872736,0.760016116441288
5309,0.173337132930112,0.131478108928634,3.854739373147,1.60421302820134,0.701795472287276
7486,0.171070567797875,0.148644708864105,4.01025156737346,1.60549683610965,0.724962856639218
3771,0.1790591404369,0.140172924497864,4.25493096736506,1.60660560282186,0.808163984790109
3116,0.172928467837521,0.135595682815616,3.83520414765786,1.60671800856278,0.77608219385057
1457,0.184496776077656,0.149859961671675,3.80161696857922,1.60714530366378,0.745108408249603
7810,0.170572115993223,0.130033022223432,3.93956260222818,1.60767200108489,0.743950039032006
6065,0.200919876212407,0.152939152811845,4.12894203562272,1.6094053750526,0.78993226058271
6731,0.169298226163354,0.145659783635438,3.9816687090827,1.61021650847889,0.753166628893757
6961,0.182772458734232,0.151487263411998,3.83099543039796,1.61103729227756,0.794817556848229
1866,0.17700374182626,0.147605840210534,3.82856923979167,1.61169427337436,0.788370980332905
4517,0.178928752431416,0.148444515278852,3.81901100771015,1.61184805630399,0.755785550603107
3466,0.170307513988955,0.138933376352278,3.87532767324321,1.61291896601241,0.72768250610662
3390,0.169900213032711,0.147133052932739,4.01224817960583,1.61386622027238,0.775880738334467
486,0.168612700479383,0.137228815437063,3.92242220997256,1.61407182891504,0.783284228551283
1421,0.195985797901817,0.156618438801015,4.04482521967832,1.61407535684694,0.811790184079978
1793,0.18577291079425,0.138418315186335,3.73783761108577,1.61428955940248,0.722746845962076
9562,0.187104655681407,0.137214724141014,3.73572524561329,1.61431992934667,0.762584674271612
3431,0.177533653781397,0.153498431492978,3.93875181742698,1.61459131781674,0.751202437611745
882,0.181323882744904,0.145525187462828,3.77644234166717,1.61485522640972,0.808365440306212
3981,0.171357894669588,0.1458133301717,3.8971767371916,1.61510929039751,0.758757019465639
2890,0.181244151237315,0.137564577008447,3.75462264133232,1.61530094255136,0.829165722343935
4336,0.178492159284211,0.137320651814765,3.77183733984451,1.61535099000362,0.694643801465589
4860,0.174674309219708,0.150128182203373,3.89947022768751,1.61537647712896,0.707285135101105
6855,0.173428311700612,0.134110265849307,4.19385293827293,1.61584399695374,0.829064994585883
6846,0.17698474923424,0.148084944276213,3.8328047836467,1.61667338136237,0.737100551484475
6044,0.17325006437432,0.148734115708005,3.90049240501647,1.61682410740517,0.713228072826169
429,0.167852101401689,0.141945512359524,3.98398756429035,1.61699224438812,0.804487421621213
1124,0.181462035548608,0.149559671293795,3.81134767403752,1.61745776299218,0.732416710735061
6139,0.187222190939172,0.151118460180913,3.80671866709481,1.61762486301851,0.707788773891365
6363,0.169330313709107,0.130405226801839,4.01204085435594,1.61774864972483,0.738510740097202
6860,0.167763538939589,0.134769155416305,3.99170798928838,1.61817763453967,0.745612047039863
8376,0.191151219761468,0.14689398680666,3.76202898038196,1.62017041828887,0.699932008763315
3447,0.17012783223489,0.147117018009648,3.96727851677133,1.62021705822682,0.738258920702073
1803,0.180834125096301,0.147997966966115,3.79778823510603,1.6211776961638,0.771549444738234
9953,0.174326604581238,0.151228275108746,3.93509582895115,1.62209284563195,0.78132003726927
9045,0.168368061978151,0.136268663678664,3.93071379751646,1.62260249681627,0.758051925159276
8635,0.17563056473716,0.132412993535496,4.21327693107377,1.62264737113065,0.815617838885951
3622,0.191640440082659,0.151235563710151,3.80508485983687,1.62441906239059,0.73292034952532
8411,0.173449945354828,0.147009146708856,3.86646418015122,1.62445572275136,0.769887436730377
3096,0.181913456229222,0.13719383015032,3.74988084581665,1.62459682080596,0.743446400241747
5811,0.189724517425752,0.137641350276578,3.73130813928279,1.62556950734652,0.843720883382438
952,0.168405293940554,0.144517902748677,4.00705966680967,1.62615405055314,0.796781748130241
7497,0.188663044263778,0.155625245382914,3.88949356984164,1.62633408034102,0.707536954496235
4060,0.171177240857462,0.141311404037302,3.85892874580409,1.62808543148076,0.758303744554406
6799,0.175545245348742,0.151682597929648,3.91408702863985,1.62865470116035,0.788723527486087
6800,0.167908778331656,0.140676323901559,4.07635048654372,1.62938074535016,0.792047543501801
953,0.178054369730158,0.146042678162573,3.7998039148913,1.62961255196501,0.782830953640049
7562,0.17368564728008,0.151382307551768,4.0661455637607,1.63032256724283,0.815617838885951
3998,0.169061396286427,0.133360025811367,3.92476057769449,1.63134740785742,0.731510160912594
4798,0.172282247654674,0.143161736980614,3.84766117558503,1.63326403769961,0.750044068394148
9108,0.186504088278009,0.14989737649222,3.78987983243085,1.63339216624473,0.75276371786155
2939,0.19114518669489,0.156591713929198,3.91986863560512,1.63420267258298,0.76298758530382
1581,0.167247514467043,0.136089849990865,4.0230270348231,1.63439862029854,0.823424240134975
980,0.167171752218459,0.140122876101551,4.01811055689853,1.63518653520467,0.803631235677772
7991,0.167375251768788,0.141379430983747,4.00083212666497,1.63519284541706,0.834605021278739
6118,0.190874725595685,0.157559640195762,4.04618640147842,1.63572156932994,0.758152652917328
8108,0.183561739380565,0.156603375691445,3.95803797650063,1.63859124694123,0.821711868248092
956,0.202102459712783,0.140642310428336,3.77446767397454,1.64037194924194,0.807207071088615
2519,0.169957094483851,0.145606333891802,3.92201965797928,1.64086352056079,0.761073757900834
4409,0.169824975700484,0.143836661470704,4.12366155006182,1.64118227355914,0.728387600412984
4249,0.171290699666594,0.149686978865,4.02129168943213,1.64269057412351,0.818891491022638
6084,0.183196484524591,0.135479065193138,3.74379061450743,1.64285676617976,0.689657777442019
954,0.182663436685311,0.141702073072602,3.74714502372914,1.64347338570014,0.753368084409861
1134,0.167895114823571,0.137949415162623,3.93212335739885,1.64367931650567,0.818941854901664
9239,0.17844302152598,0.149953741676417,3.8335159195623,1.64540657178995,0.815819294402055
3916,0.169408341114371,0.14642945994379,3.96116030283522,1.64642390965622,0.802170683186019
8105,0.169324179298854,0.143399345386412,3.90884503635759,1.64779131989167,0.748331696507265
9495,0.18169425888764,0.146036847281449,3.77099954279066,1.64828829248365,0.779809120898492
6501,0.188229217383645,0.155566936571675,3.87951100778682,1.64998909862614,0.748986426934602
6170,0.18726399142641,0.143056781120384,4.28825571391014,1.65018123776924,0.810984362015562
1250,0.181550883295326,0.154255474225562,3.88328665701586,1.65032990788781,0.868348820226134
7827,0.184138786306968,0.138205488025314,3.7357358458785,1.65155877087282,0.716854272116038
2443,0.173712722775592,0.149498932948754,3.89070756419655,1.65230507758872,0.783485684067387
3092,0.201893042354094,0.15461358750792,3.9553283129139,1.65336304372294,0.664878748961245
3057,0.183740969324236,0.157004734675473,4.05348883022058,1.65361331976581,0.804537785500239
2657,0.171916862060174,0.148025663651453,3.902020674057,1.6547172962927,0.757346830852912
4062,0.171768785513418,0.127680261689945,3.92701216461192,1.65479643184887,0.70935005414117
9521,0.169260086670238,0.13950577451594,3.88475537135112,1.65574051386587,0.793407368235502
4136,0.167507955928885,0.142875537898784,4.04255898909534,1.6580361243299,0.802019591548941
4582,0.186870395840578,0.150068901578614,3.78549837517455,1.65831974281361,0.792097907380826
9872,0.171047491808968,0.12711758166149,3.98042159903934,1.65905939977506,0.855405303316462
2218,0.180322229879289,0.156163144166592,3.99032731251879,1.65934149584038,0.813452192087835
7993,0.167066841263589,0.135483924260741,4.0385946610119,1.65950846321019,0.756792828183627
3980,0.168436847531509,0.130918830247501,4.00193502328692,1.66057645809343,0.768326156480572
1428,0.176677237913321,0.154273452775694,3.97354796882847,1.66124221156825,0.768023973206416
2633,0.171188494253181,0.131205515236092,3.87802634085188,1.66195154559654,0.754476089748432
6549,0.180080496067694,0.140768646186021,3.75416468883901,1.66307814668198,0.794616101332125
4134,0.176684796508209,0.138764766706446,3.77587912880479,1.6635819611863,0.738007101306943
5773,0.17311452179984,0.14809563422494,3.87394940376523,1.6636282423952,0.839288862028153
4633,0.187692088784656,0.147718570578929,3.76078458076142,1.66395076122537,0.808415804185238
9605,0.186115045119425,0.156630586470023,3.9160368108064,1.66468839571969,0.750799526579537
1024,0.177704824632638,0.150241884385289,3.83980311182122,1.66476758172462,0.733524716073632
9729,0.194438808235797,0.157680145072322,4.0162765073394,1.66494026521257,0.840195411850621
6131,0.177354835806773,0.15018308966729,3.84268596350191,1.66522346598216,0.772204175165571
3381,0.17658432586847,0.137514528612134,3.77657868350137,1.66536298588832,0.821308957215885
324,0.173244944910808,0.125337705198425,4.07986657303327,1.66551593111453,0.760821938505704
4180,0.166765563201134,0.137673420122759,4.04270661280102,1.66679089938753,0.729042330840321
5059,0.180583239704213,0.156322035677218,4.04566272818183,1.66968743412696,0.813955830878094
4725,0.175023652553041,0.1329591527341,3.8042789588603,1.67001946472165,0.716350633325779
7737,0.167170730264519,0.134063618800316,3.99461641248115,1.67041532566474,0.803983782830954
5125,0.181068613837823,0.156455660036307,4.05153205087154,1.67063545631271,0.815164563974717
1337,0.175831811615005,0.141964948629937,4.23748614398482,1.67100562584062,0.844224522172698
7675,0.168219666571245,0.135701124582606,3.91284839182753,1.67120185516428,0.747173327289668
9220,0.170102794642853,0.131350801357429,4.12750995139447,1.67195143557668,0.80826471254816
4473,0.168086871882206,0.143782725820308,3.94711609148862,1.67231313793609,0.788572435849009
1553,0.176609768765416,0.148607294043561,3.82777541979174,1.67323011011587,0.762081035481353
6442,0.18131966207157,0.155320095937431,3.90763567383181,1.67418566104655,0.720430107526882
2790,0.1667368981717,0.139387699173181,3.97677451585361,1.67433412011899,0.825640250812117
469,0.172533070702482,0.141221025379882,3.82316330554422,1.67486693056514,0.77708947143109
7162,0.201345790149042,0.153837594411683,3.89980982884041,1.67555492777198,0.772103447407519
2613,0.169481984822612,0.14802080458385,4.00929982578618,1.67587472335108,0.778449296164791
2560,0.173837202613665,0.135985380037395,3.80446581990427,1.6759064409025,0.790284807735892
2651,0.186250113690451,0.133191902072295,3.73596353008821,1.67591855440878,0.812847825539523
1824,0.186178483567178,0.157084909290926,3.92922383222966,1.67612987949148,0.777341290826219
3187,0.168303929939689,0.13360492281857,3.92367665189956,1.67797150101154,0.719372466067337
6571,0.181810699224228,0.146223435477413,3.76543413385093,1.67884614870249,0.770995442068948
699,0.170397028751422,0.13943191668837,3.85178823344043,1.6803760357024,0.794213190299917
6176,0.18600662582061,0.157754488806652,3.97008808954212,1.68116537945361,0.728085417138828
8543,0.172318980658333,0.151325456460811,3.97899575082156,1.68148662351826,0.790586991010048
4591,0.183022285889215,0.155698617303723,3.89704950616834,1.68472293131744,0.842814333559971
5790,0.177109534013132,0.15360678870053,3.91232538563424,1.68484694099288,0.79829266450102
9625,0.203933185024204,0.154355085111428,4.00309212362226,1.6849313348191,0.805847246354914
4975,0.168610836646633,0.141435310261185,3.89716489215654,1.68501763919877,0.692024879756239
275,0.167380645208044,0.144021306039627,3.99828139587877,1.68506647696609,0.782478406486868
5097,0.182933644108205,0.13551210685284,3.73688660093763,1.68564520566778,0.831432096900103
9079,0.166733602068173,0.14180411349227,4.02379194021483,1.68617313153033,0.774420185842714
1467,0.166805153710373,0.14154804062958,4.0447485552082,1.68641368997455,0.838029765052504
8301,0.179468055565893,0.14740516071852,3.78687536503377,1.68701075824899,0.749490065724862
8703,0.169832104127395,0.142558726691053,3.87238117007106,1.68832499523403,0.854952028405228
1000,0.177640256790785,0.142227824187272,4.2561118949028,1.68895010998481,0.789176802397321
3888,0.167169049820226,0.136664677688328,3.93814808149673,1.68985940785095,0.863564251718667
4865,0.190045935862411,0.142724906803083,3.72709091635281,1.69014392416551,0.758354108433432
347,0.177432616463908,0.14887648638878,3.81773104652053,1.69058343275699,0.805091788169525
3345,0.18130198184771,0.14078225157531,3.74239424078077,1.6906409822102,0.640150084359497
3736,0.168604858208729,0.143769606337779,3.91459042891927,1.69075878669726,0.83047518319861
1693,0.180823750385572,0.152621369790594,3.84112483733683,1.69113332662258,0.749792248999018
6181,0.171827613276857,0.14021179703869,3.82617910482949,1.69150797644814,0.756994283699731
9699,0.177153745562926,0.148630131661296,3.81705093430262,1.69304825457882,0.816675480345496
4354,0.187388876480338,0.155696187769921,3.86885576943105,1.69435136895697,0.736697640452268
4190,0.17282441702241,0.152043626652569,3.98039926152602,1.69442797708499,0.808415804185238
5674,0.173852652905665,0.142592254257515,3.80584359147431,1.69640885057674,0.740374203621163
2668,0.171242012361804,0.148612153111164,3.91191388786136,1.6966371382946,0.774873460753947
6658,0.168238399171762,0.140644254055378,3.89839775564737,1.69742764778084,0.749540429603888
9857,0.169571127197902,0.147583974406319,3.94521098085015,1.69784328988772,0.775679282818363
9747,0.167244798181678,0.143263777400282,3.96452422295108,1.69826945547428,0.74440331394324
5489,0.181833837168656,0.146260364391198,3.76160833621231,1.69832159143466,0.80091158621037
8085,0.169282732520579,0.140168065430261,3.8692403260474,1.70038047223373,0.803127596887512
9878,0.174332524691331,0.152829337884012,3.94557574584741,1.70059668088241,0.771801264133364
8346,0.176771826589829,0.154784140780794,3.9638658611366,1.70093542409118,0.80927199012868
8837,0.185035746917766,0.14148876000482,3.72796165038928,1.70157729164392,0.735438543476619
7499,0.186887588875316,0.156095603126907,4.14731132798396,1.70230502272383,0.770693258794792
5060,0.173622173844049,0.146508662745723,3.83418711257352,1.70269597011176,0.807005615572511
9915,0.170839540019625,0.149210304333122,3.93694930254712,1.70270632945674,0.772959633350961
3304,0.171895332973184,0.142271555795701,3.829000974333,1.70276598124655,0.702953841504873
4478,0.168680217609773,0.147096124018954,3.97523516449846,1.70431626052354,0.748230968749213
8473,0.194280465291157,0.157017854158001,3.91481326015386,1.70432713766599,0.750346251668303
4212,0.17032053585728,0.146268138899363,3.89136743385213,1.70503660719295,0.852836745486137
7170,0.180446985284504,0.147826927786481,3.77972144573577,1.70625011664266,0.740877842411423
187,0.182302811430058,0.149579593470968,3.78596969337779,1.70650581855813,0.791594268590567
5672,0.16701221450792,0.141605377627298,3.94582427071752,1.70679184883541,0.807358162725693
2980,0.174084615689776,0.140946002153539,3.79489207349376,1.70708384738654,0.809574173402836
9447,0.180535107702916,0.14181917660184,3.74552472769713,1.70787411395233,0.726020498098764
8428,0.171631012500959,0.137025706411248,3.8234638454055,1.70835096163782,0.715494447382337
830,0.172631072057468,0.141756494629758,3.81490696007325,1.70835118530378,0.811689456321926
7051,0.171435247903571,0.150923611570023,3.97838738418089,1.70847151760052,0.770491803278689
1508,0.17337180106866,0.143409063521619,3.81274823703992,1.70847991012778,0.760267935836418
1147,0.174237503345043,0.134305114460196,4.2282264088841,1.70885484221557,0.824078970562313
7194,0.187712430647004,0.139902760339124,3.71878322645944,1.70928515796324,0.771196897585052
9683,0.177064074203971,0.14452227590952,3.78016585208174,1.70934622891506,0.818387852232379
4772,0.177623389839935,0.153629140411505,4.13293501404182,1.70945547681512,0.790284807735892
6623,0.168311118303935,0.129678796195156,4.01075130686741,1.7097224307618,0.74964115736194
6546,0.168247368993141,0.129825540036773,4.02386132752062,1.70977376086034,0.864269346025031
848,0.166356656363407,0.141502365394109,3.99346116034653,1.71100295553562,0.820704590667573
1968,0.166944711903796,0.143021309926881,3.96677739782768,1.71189219034375,0.779506937624336
1273,0.175436411799708,0.151005729812518,4.15905748852142,1.71212594374886,0.756037369998237
9284,0.171293743476529,0.137904225833913,3.82659056010962,1.71241775715832,0.79466646521115
1989,0.184883843174853,0.133613183233496,3.73099966314548,1.71243001448743,0.711012062149027
2100,0.175824604996979,0.153132543702454,3.90928156413216,1.71314127488551,0.79018407997784
3762,0.17444596007656,0.142251147711768,3.79362835206154,1.71331066031949,0.795975926065826
884,0.16632215612615,0.138550481825144,3.9624910333121,1.71351579784025,0.751706076402004
856,0.16910526477054,0.148227314956987,4.03828163637807,1.71412187542523,0.724257762332855
195,0.175989062797245,0.146462015696732,3.8022571586362,1.71499004383448,0.832640829996726
7891,0.174304752562366,0.145432379271606,3.81260418001411,1.71544682967178,0.804739241016343
5277,0.171677060510452,0.134798309821925,3.82686283841275,1.71576462580107,0.743698219636876
1099,0.171362018978765,0.131304640215198,3.85485043521571,1.71607446696819,0.670922414444361
3995,0.182501650471577,0.153681132434859,3.84069208512466,1.71659807092907,0.660094180453779
3190,0.17032178423398,0.130632631165671,3.88320426483776,1.71669005776803,0.800458311299136
6400,0.172169999557233,0.1274028089298,3.89196200338716,1.71707893083017,0.739467653798696
9228,0.172331657452922,0.136570411776825,3.81188530050415,1.71758796274187,0.707788773891365
4076,0.170539233693739,0.148847817889921,4.09824814184932,1.71897502722258,0.834202110246531
9366,0.166849376250636,0.137044656774901,3.93139854012987,1.71981812874722,0.854498753493994
1307,0.171643879618423,0.131782772467357,3.84438438529869,1.72027637715662,0.838483039963738
7842,0.1690984563036,0.136169052792798,3.86697162670439,1.72079622634798,0.785046964317192
1011,0.174483644139156,0.151810877314374,3.89664719499669,1.7215965129905,0.71408425876961
4079,0.172136433046293,0.151162677696102,3.94080034210239,1.72194700919292,0.758203016796354
2977,0.176095071460682,0.141869224998153,3.77380965066032,1.72339978306402,0.774118002568558
8187,0.171597190597145,0.147433343310619,3.87173303823861,1.72403294871527,0.79491828460628
8872,0.169939436226829,0.145286121336749,3.88018120631604,1.72477682757205,0.811185817531666
4651,0.167602651099465,0.134431936124641,4.11058025248335,1.72534243998049,0.825086248142832
3415,0.170072075287579,0.128305137783721,4.09908679916088,1.72618344086555,0.786406789050893
7963,0.179738884132059,0.148032466346098,3.78156404617582,1.72689356845469,0.726876684042205
7126,0.169975003553624,0.148753551978418,3.94097107797642,1.72711440836733,0.787766613784594
6374,0.167382322440937,0.145327423411376,4.04514412751634,1.7277204622596,0.702047291682405
1144,0.18025356977631,0.156349732362556,3.93625134345965,1.72803742414342,0.830324091561532
8811,0.17156926085622,0.125845477762963,3.94438596582283,1.72870220450762,0.771398353101156
7886,0.167986674505805,0.131373153068404,3.93850486127382,1.72946238373695,0.83858376772179
2187,0.182799186158936,0.151773462493829,3.8045159795221,1.72966131478144,0.801264133363552
1480,0.171750953321152,0.136407147105356,3.81635653471191,1.73249634728471,0.782629498123946
8624,0.186224178992714,0.151412919677669,3.7859323032479,1.73301376003299,0.811790184079978
2514,0.175363985795561,0.142032975576383,3.77884636740643,1.733632132078,0.789982624461736
2843,0.17752378897853,0.15594934519205,3.9953731040084,1.73433300644299,0.719271738309285
8603,0.168585793283289,0.132225433526012,3.90129511368822,1.73474739323326,0.823273148497897
7938,0.171972615293537,0.146056283551862,3.84511583229249,1.73527425545222,0.817934577321145
348,0.168695284294953,0.129886764288574,3.93549919916387,1.73562404082773,0.793558459872579
5242,0.177974855799158,0.153479967036085,3.873371114198,1.73573279979997,0.750900254337589
2549,0.171359647098045,0.141156885687519,3.82352691561721,1.7360884195361,0.794414645816021
2305,0.17143446668035,0.126504367329962,3.92186855505024,1.73763341189699,0.74677041625746
5189,0.166245072535485,0.13371036458556,4.01815600845779,1.73858144618904,0.828561355795623
2530,0.169156406666353,0.133421735969928,3.8733581147112,1.7395770737403,0.778499660043817
2797,0.172028100843626,0.138997030137881,3.808950713916,1.73958689698077,0.806048701871018
4554,0.171901283685069,0.124583577906403,4.03759587107529,1.73975850358786,0.771096169827
1502,0.168702989252179,0.145040738422785,3.90267882951849,1.74068228488679,0.715544811261363
5427,0.167009076034216,0.144664646590295,3.97170028581233,1.74077007645494,0.861549696557629
2784,0.172527287252849,0.149491158440589,3.87922845261201,1.74086240492172,0.779305482108232
2069,0.166938887168961,0.144848319345697,3.98464768835344,1.74176541587595,0.71745863866435
1153,0.184902372041182,0.151230218735787,3.78554642185399,1.74192628724036,0.806602704540304
374,0.172341047014355,0.14868163777789,3.86890181592881,1.74222787935181,0.680894462491501
319,0.167558124526868,0.140884291994978,4.12658687331161,1.74317063253044,0.810480723225303
1605,0.181823496133003,0.125357627375598,4.22554632845077,1.74355997638628,0.776636196519856
1526,0.177065530572221,0.155398326925843,3.95266162982243,1.74395212692396,0.705673490972275
6438,0.18922341567974,0.153895903222922,3.81415672869345,1.74428664101601,0.688549772103447
7457,0.176882479828897,0.141251151599022,3.761006882472,1.74430254068242,0.743194580846617
5758,0.169439007664505,0.148172407493071,3.9337635700188,1.74534476231368,0.757699378006094
6367,0.166787904138148,0.142490213837847,3.93825559438419,1.74602579550846,0.774369821963688
9386,0.165788948410469,0.139562625606898,3.97158903687311,1.74622801114468,0.71771045805948
7699,0.200081062783615,0.155856537000828,4.11297812491071,1.7469247649168,0.786205333534789
5608,0.174095774304321,0.149257923195634,3.84589768204781,1.74946763671072,0.790989902042255
5175,0.177902467208286,0.141802169865229,3.75355486830949,1.75033861873929,0.830525547077636
6748,0.196966319646785,0.156771499430517,3.90438345857647,1.75167443249883,0.765959054166352
7296,0.168922918488942,0.140240465537549,4.16637182098164,1.75196944774998,0.809372717886732
1679,0.178387697560668,0.153858002495617,3.87072116366515,1.7523019233042,0.819546221449976
7790,0.173785254965811,0.133801715056501,3.79411279798345,1.7524611509379,0.779859484777518
4349,0.167078334446396,0.145580094926745,4.04268973310713,1.753917172214,0.790284807735892
9963,0.17354438957748,0.131551966756203,4.21609770591245,1.75393078463764,0.753922087079147
5828,0.179661784585157,0.135500930997353,3.7397961675745,1.75429030161838,0.745914230314019
3903,0.170595538431784,0.149006223493786,3.90958074869331,1.75473085718284,0.771700536375312
8864,0.177879398290994,0.147335190145033,3.78280347850812,1.75550608891298,0.820049860240236
8134,0.168649220156874,0.141497506326506,3.86832336854655,1.7560024622712,0.791292085316411
9647,0.168745096954523,0.143115575838383,4.14992667254141,1.75665241751262,0.794716829090176
2495,0.171551853935763,0.152050429347213,4.03569060571952,1.75672802922499,0.845231799753217
3589,0.181131014994092,0.155342933555166,3.87515504657787,1.75723562781243,0.735992546145904
8157,0.167906755523731,0.144940155723398,3.9185880657727,1.7574021445408,0.815819294402055
2882,0.181136876953866,0.152971708564787,3.8254903938681,1.75794612487292,0.747576238321875
809,0.173704827354916,0.134890632106386,3.78941181968524,1.75840747788666,0.821510412731989
1827,0.185919391867544,0.150329833508908,3.76863367249136,1.75876725339641,0.702148019440457
3279,0.177560760292817,0.145866779915336,3.77340772999466,1.75939782164924,0.66407292689683
5679,0.188644339023989,0.149519826939448,3.75592972572618,1.76010372931839,0.687341039006824
4188,0.171679438708455,0.144130635060699,3.8264938668459,1.76053642733152,0.749691521240966
8471,0.184765368025753,0.149204473451998,3.7604377948091,1.76055300066234,0.765908690287326
3099,0.1734729261654,0.135405207365569,3.78983194681653,1.76104378592129,0.725617587066556
789,0.201570321547443,0.148991160384216,3.79388958526062,1.76117330423198,0.774772732995895
4944,0.176012385765797,0.148108753707469,3.80545451488216,1.76165941955344,0.809372717886732
5412,0.168395772586514,0.140581086176536,3.86819537980095,1.76207380555765,0.738510740097202
5973,0.187988637731355,0.156058674213123,3.85329055301752,1.76211079552348,0.727128503437335
6393,0.175697103604032,0.136660304527485,3.76427185305988,1.76419394974988,0.770139256125507
4522,0.184445646596977,0.150519823052194,4.25168129691607,1.76436639500893,0.760922666263756
4681,0.171136556966477,0.128280842445705,3.87962801048873,1.76494681153965,0.68552793936189
7958,0.172024406693538,0.152273946456962,3.95955426112797,1.76614086704917,0.801918863790889
3805,0.174095311265625,0.12983477226522,3.81337271956104,1.7662299882694,0.757649014127068
7110,0.165449420279197,0.138089842216357,3.97294684131026,1.76624906068076,0.775276371786155
6083,0.168736621953321,0.146337623566089,3.90812603159462,1.76626248183838,0.781974767696608
4020,0.182907080926043,0.15551494454832,3.86085931792028,1.76747011829838,0.731107249880386
2167,0.171384797136301,0.149180178113982,3.8869551375729,1.7678565414825,0.736748004331294
4398,0.178843400354554,0.155114557377814,3.89128047369176,1.76817109679147,0.783435320188361
3661,0.172486131277909,0.146117507803663,3.82771696757222,1.76898639243362,0.700838558585782
3288,0.182483040348047,0.13492561739313,3.72463109787117,1.76942097817013,0.740877842411423
2858,0.169857411739783,0.126046157254977,4.0158253866644,1.77039973231087,0.795119740122384
6037,0.168309985840429,0.143343466108975,3.88228730909527,1.77138656805348,0.782276950970764
8551,0.171485614476625,0.152294840447656,4.03118782387391,1.77216451231845,0.824230062199391
3490,0.177837607395471,0.149445483205119,3.79935511695604,1.77339211856531,0.779154390471154
842,0.169124900600753,0.128753143816739,3.92110887255571,1.77376092776318,0.704414393996626
8432,0.1675740205007,0.140497024307,3.88341300113534,1.77426837860809,0.739467653798696
8103,0.16848765721918,0.146145690395761,3.90850997641494,1.77474419198972,0.746468232983304
2655,0.176152289943886,0.154899786589751,3.93051630863466,1.77524391088009,0.797637934073682
1792,0.173270940476251,0.137006756047595,3.78540692587305,1.77583618282728,0.716904635995064
7826,0.166925907359,0.1304057127086,4.00674064272918,1.77622240423401,0.834252474125557
396,0.173323783648824,0.139186533774407,3.78421645455488,1.77640646815084,0.750446979426355
6398,0.16555594741147,0.141592258144769,3.97684679473297,1.77729748953333,0.767772153811287
9867,0.177558762501348,0.154837104617669,3.89819356872038,1.77777242723623,0.73030142781597
7429,0.169145706422115,0.147246755114655,4.12021632353853,1.77791881509502,0.804185238347058
1375,0.166099175334739,0.143557750990278,3.96998507363078,1.7781063114179,0.824280426078417
6265,0.177442231432826,0.138304127097659,4.27924772666655,1.77821461736029,0.673390244516633
7053,0.165604768315271,0.134046126156944,4.00045853977566,1.77845277438,0.781118581753167
637,0.166927326513307,0.130729326610975,4.04968141162603,1.77849184197393,0.815265291732769
4534,0.19391313867489,0.158699091548721,3.95105036986767,1.77869916384937,0.786658608446023
6950,0.179413524109424,0.141523745291563,3.73729952966001,1.77923727183629,0.780262395809725
3444,0.167514068117255,0.13898099521479,3.8793700557597,1.77949975267336,0.769383797940117
459,0.166103279763583,0.142928501735659,4.0716565892468,1.78074178459789,0.771952355770441
4381,0.169675173485765,0.144815763592756,3.86047306000285,1.78081009085526,0.767772153811287
7912,0.17280568766445,0.129847891747748,3.82571614986155,1.78231146560715,0.688902319256629
1190,0.169437253197753,0.148737031148567,3.92494550644588,1.78242383103752,0.669159678678452
5399,0.168938740771549,0.127995615177395,3.94224742737438,1.78301622590519,0.776736924277908
6897,0.189504836568933,0.155581513774485,3.83440393991158,1.78341855038912,0.824431517715494
4679,0.189277852849313,0.158280725828082,3.91100768392821,1.78380549239814,0.81712875525673
