pathway,size,ES,NES,p_value,FDR_BH
HALLMARK_ADIPOGENESIS,184,-0.24455955511514568,-1.2307090193960224,0.06575963718820861,0.4909180166912126
HALLMARK_DNA_REPAIR,143,-0.2690558587877399,-1.3011727693917963,0.04313543599257885,0.4909180166912126
HALLMARK_HYPOXIA,187,0.2547618147089212,1.2485244878545438,0.06464146944542565,0.4909180166912126
HALLMARK_G2M_CHECKPOINT,179,0.26017814422787006,1.269107888107334,0.05567300916138125,0.4909180166912126
HALLMARK_MYC_TARGETS_V1,171,0.26035831295323375,1.2600741685192685,0.06392536281962681,0.4909180166912126
HALLMARK_KRAS_SIGNALING_UP,190,0.25394562992412784,1.252716826479764,0.06872852233676977,0.4909180166912126
HALLMARK_NOTCH_SIGNALING,29,0.4225662855634899,1.4562502980508032,0.05456529647144416,0.4909180166912126
HALLMARK_PANCREAS_BETA_CELLS,37,-0.36350029464045774,-1.3623062586822263,0.07947855340622371,0.49674095878889823
HALLMARK_APICAL_JUNCTION,188,0.23666183291852785,1.1583372779804348,0.14211257817929118,0.719506624029237
HALLMARK_ALLOGRAFT_REJECTION,183,-0.22766835164285423,-1.1469102477423845,0.1439013248058474,0.719506624029237
HALLMARK_EPITHELIAL_MESENCHYMAL_TRANSITION,194,-0.21463176040306048,-1.0874916142398343,0.25221858944418496,0.7342459435663075
HALLMARK_E2F_TARGETS,181,-0.19603835691557578,-0.9848267848629387,0.4951276102088167,0.7342459435663075
HALLMARK_BILE_ACID_METABOLISM,109,0.23638080530152084,1.0738936430972748,0.30415913200723327,0.7342459435663075
HALLMARK_APOPTOSIS,154,-0.21848986861954892,-1.0673605142651765,0.28927563499529635,0.7342459435663075
HALLMARK_INFLAMMATORY_RESPONSE,196,0.20673279829072647,1.0157784828628957,0.4154488517745303,0.7342459435663075
HALLMARK_IL2_STAT5_SIGNALING,191,0.19954468847312287,0.9821977276389612,0.49733380732314253,0.7342459435663075
HALLMARK_MITOTIC_SPINDLE,190,-0.19951229824021485,-1.0073730917712251,0.43273753527751646,0.7342459435663075
HALLMARK_KRAS_SIGNALING_DN,187,-0.22086032599519365,-1.1117273125519913,0.20510483135824978,0.7342459435663075
HALLMARK_INTERFERON_ALPHA_RESPONSE,92,0.24680675809067748,1.0782985439718198,0.30597552195824335,0.7342459435663075
HALLMARK_GLYCOLYSIS,188,0.22835838152863414,1.1180993636466088,0.20738440303657696,0.7342459435663075
HALLMARK_HEME_METABOLISM,176,0.20190049066797536,0.9809111223364011,0.4992872416250891,0.7342459435663075
HALLMARK_UNFOLDED_PROTEIN_RESPONSE,98,0.2308043197453128,1.027847507267222,0.39517291066282423,0.7342459435663075
HALLMARK_UV_RESPONSE_DN,141,-0.2086671724749806,-1.0070596806916667,0.43651152281970174,0.7342459435663075
HALLMARK_TGF_BETA_SIGNALING,48,0.2767219074126095,1.0674848125551473,0.34167289021657954,0.7342459435663075
HALLMARK_PI3K_AKT_MTOR_SIGNALING,99,0.2314628895036886,1.0264418131336808,0.3996370235934664,0.7342459435663075
HALLMARK_PEROXISOME,103,-0.22128002659076715,-1.014213418053152,0.4142988084326306,0.7342459435663075
HALLMARK_P53_PATHWAY,190,0.20445983594651698,1.0035172058827293,0.4445993031358885,0.7342459435663075
HALLMARK_OXIDATIVE_PHOSPHORYLATION,164,-0.21063682081505006,-1.0479298336800444,0.32793709528214615,0.7342459435663075
HALLMARK_MYC_TARGETS_V2,53,0.25183331548121624,1.0004053666172892,0.44345238095238093,0.7342459435663075
HALLMARK_MYOGENESIS,192,0.20133303528663402,0.9909564247134018,0.477972027972028,0.7342459435663075
HALLMARK_COAGULATION,129,-0.2232293215576317,-1.0653506086542643,0.31029810298102983,0.7342459435663075
HALLMARK_ANDROGEN_RESPONSE,92,0.23274896124562858,1.0265917596877725,0.4050258684405026,0.7342459435663075
HALLMARK_UV_RESPONSE_UP,141,0.21729196852920193,1.025457790633871,0.39713774597495527,0.7342459435663075
HALLMARK_TNFA_SIGNALING_VIA_NFKB,190,0.22152035504308948,1.0864662714566544,0.2677882930248861,0.7342459435663075
HALLMARK_XENOBIOTIC_METABOLISM,188,0.19764264559475642,0.9717012887125198,0.5176512968299711,0.7345648400694272
HALLMARK_SPERMATOGENESIS,124,0.20994008135191036,0.9687373764347676,0.529887482419128,0.7345648400694272
HALLMARK_WNT_BETA_CATENIN_SIGNALING,40,0.2555012498899396,0.9487959026244036,0.5435779816513762,0.7345648400694272
HALLMARK_PROTEIN_SECRETION,90,0.2140274871178583,0.9390797419072557,0.5765864332603938,0.7392133759748639
HALLMARK_ANGIOGENESIS,35,-0.2538975529422542,-0.9372501870598021,0.5623059866962306,0.7392133759748639
HALLMARK_COMPLEMENT,190,-0.18584711522308447,-0.942005083251732,0.6310861423220974,0.7888576779026217
HALLMARK_ESTROGEN_RESPONSE_EARLY,194,0.17575517042488598,0.86353433174216,0.8159010600706714,0.8899916795435635
HALLMARK_CHOLESTEROL_HOMEOSTASIS,68,-0.1938017367816495,-0.8290164471724198,0.8021015761821366,0.8899916795435635
HALLMARK_MTORC1_SIGNALING,173,-0.17411548606454766,-0.8619618650178849,0.8351548269581056,0.8899916795435635
HALLMARK_INTERFERON_GAMMA_RESPONSE,181,0.1740907418652689,0.8509618647666003,0.8365921787709497,0.8899916795435635
HALLMARK_FATTY_ACID_METABOLISM,139,0.18573186607882597,0.8704375284002043,0.7610241820768137,0.8899916795435635
HALLMARK_IL6_JAK_STAT3_SIGNALING,79,0.19561111784067506,0.834349823619974,0.7859778597785978,0.8899916795435635
HALLMARK_HEDGEHOG_SIGNALING,35,0.23304553871188882,0.8360822390314231,0.7312824314306894,0.8899916795435635
HALLMARK_ESTROGEN_RESPONSE_LATE,190,0.16966413093636973,0.8340552641965755,0.8878923766816144,0.9100338658486853
HALLMARK_APICAL_SURFACE,42,-0.1906336686617859,-0.7335291902158344,0.8918331885317116,0.9100338658486853
HALLMARK_REACTIVE_OXYGEN_SPECIES_PATHWAY,43,-0.17939768147022417,-0.6911047572938591,0.9483870967741935,0.9483870967741936
