Feature,Gene,Feature_type,b_coef,R_squared_LR,P_val_LRT,P_val_LRT_BH,MEAN_group1,MEAN_group2,MEAN_difference,Cohens_coef,Similar_variable_chi.square,Feature_duplicated,biomarker_class,cohens_coef_quantile_90,cohens_coef_quantile_95,ASSOCIATION_EFFECT,ct
HSP90AB1_amp,DDX39A,CN,-1.06012838410726,0.321292846121256,2.04811123939676e-08,4.43757435202631e-07,-0.0472649659220377,-1.07015147442139,-1.02288650849935,0.412059268408559,ACSL3_GoF/chrYq_amp/FBN2_LoF/KRAS_A146,NFKBIE_GoF,A,True,True,Increased Dep.,Colorectal
HSP90AB1_amp,DDX39A,CN,-1.06012838410726,0.321292846121256,2.04811123939676e-08,4.43757435202631e-07,-0.0472649659220377,-1.07015147442139,-1.02288650849935,0.412059268408559,ACSL3_GoF/chrYq_amp/FBN2_LoF/KRAS_A146,NFKBIE_amp,A,True,True,Increased Dep.,Colorectal
HSP90AB1_amp,ADGRF1,CN,-0.397684791758343,0.275468795004114,7.09422555614163e-05,0.00217556250388343,-0.142423147851257,-0.559490144227656,-0.417066996376398,0.343714373775163,CCND3_amp/TFEB_amp,NFKBIE_amp,C,True,True,Increased Dep.,Oesophageal
HSP90AB1_amp,ADGRF1,CN,-0.397684791758343,0.275468795004114,7.09422555614163e-05,0.00217556250388343,-0.142423147851257,-0.559490144227656,-0.417066996376398,0.343714373775163,CCND3_amp/TFEB_amp,NFKBIE_GoF,C,True,True,Increased Dep.,Oesophageal
LOX_LoF,CEACAM5,LoF_GoF,-0.402546092739873,0.236339076039604,8.60984946529807e-05,0.0115371982834994,-0.145831971535161,-0.531362280710844,-0.385530309175683,0.271839209540196,,,C,True,True,Increased Dep.,Oesophageal
chr13p_amp,CEACAM5,CN,-0.522995050991681,0.188243607575465,0.000587263796346846,0.028109029349952,-0.165587698681035,-0.676629119555437,-0.511041420874402,0.209677915104372,SBS8,,B,True,False,Increased Dep.,Oesophageal
LOX_LoF,ERBB2,LoF_GoF,-0.449701596356126,0.325768714053278,0.00010062396938576,0.0134836118976918,-0.538200728127478,-1.01458641859114,-0.476385690463663,0.291779562664552,,,C,True,True,Increased Dep.,Oesophageal
HSP90AB1_amp,HMGCLL1,CN,-0.313674110273543,0.261360632985132,0.000616736674890087,0.028369887044944,-0.158598678792601,-0.506385525784958,-0.347786846992357,0.264048708873211,CCND3_amp/TFEB_amp,NFKBIE_amp,C,True,False,Increased Dep.,Oesophageal
HSP90AB1_amp,HMGCLL1,CN,-0.313674110273543,0.261360632985132,0.000616736674890087,0.028369887044944,-0.158598678792601,-0.506385525784958,-0.347786846992357,0.264048708873211,CCND3_amp/TFEB_amp,NFKBIE_GoF,C,True,False,Increased Dep.,Oesophageal
HSP90AB1_amp,MED29,CN,-0.530126541886361,0.22969571318864,0.000216282299978728,0.00994898579902149,-0.611691118943242,-1.15730634454927,-0.545615225606028,0.286806199491602,CCND3_amp/TFEB_amp,NFKBIE_amp,B,True,True,Increased Dep.,Oesophageal
HSP90AB1_amp,MED29,CN,-0.530126541886361,0.22969571318864,0.000216282299978728,0.00994898579902149,-0.611691118943242,-1.15730634454927,-0.545615225606028,0.286806199491602,CCND3_amp/TFEB_amp,NFKBIE_GoF,B,True,True,Increased Dep.,Oesophageal
LOX_LoF,NUP188,LoF_GoF,-0.346928948702463,0.263102691120671,2.60798801884287e-05,0.00349470394524945,-0.25549575953795,-0.600178657209289,-0.344682897671339,0.350831600431303,,,C,True,True,Increased Dep.,Oesophageal
HSP90AB1_amp,NXT1,CN,-0.72188035459678,0.281519528628399,1.02056973751381e-05,0.000469462079256353,-0.389077552584293,-1.07223429136153,-0.68315673877724,0.357383967694555,CCND3_amp/TFEB_amp,NFKBIE_amp,B,True,True,Increased Dep.,Oesophageal
HSP90AB1_amp,NXT1,CN,-0.72188035459678,0.281519528628399,1.02056973751381e-05,0.000469462079256353,-0.389077552584293,-1.07223429136153,-0.68315673877724,0.357383967694555,CCND3_amp/TFEB_amp,NFKBIE_GoF,B,True,True,Increased Dep.,Oesophageal
HSP90AB1_amp,RAB11FIP2,CN,-0.572571425964698,0.412279446437209,1.16078653519908e-05,0.000533961806191577,-0.00282528372999533,-0.655935951565069,-0.653110667835074,0.445634653376594,CCND3_amp/TFEB_amp,NFKBIE_amp,B,True,True,Increased Dep.,Oesophageal
HSP90AB1_amp,RAB11FIP2,CN,-0.572571425964698,0.412279446437209,1.16078653519908e-05,0.000533961806191577,-0.00282528372999533,-0.655935951565069,-0.653110667835074,0.445634653376594,CCND3_amp/TFEB_amp,NFKBIE_GoF,B,True,True,Increased Dep.,Oesophageal
CCDC150_exp,SCD,Expr,1.750412467818,0.324589960896968,3.66339036880507e-05,0.0195899799971851,-1.43367057493753,-0.888109037871406,0.545561537066119,0.398041315662152,,,B,True,True,Decreased Dep.,Oesophageal
IQCB1_exp,SCD,Expr,1.3417251528403,0.305493963274327,8.72972056766951e-05,0.0266755318489215,-1.40680848678265,-0.858695746795365,0.548112739987283,0.353668699440706,,,B,True,True,Decreased Dep.,Oesophageal
NXNL2_exp,SCD,Expr,1.11237960318208,0.33284901349781,2.50046150772193e-05,0.0178282905500574,-1.55383893562794,-0.734548931798956,0.819290003828983,0.28941900219101,,,A,True,True,Decreased Dep.,Oesophageal
OMP_exp,SCD,Expr,1.12589543918472,0.342487558381572,1.59304362728563e-05,0.0178282905500574,-1.57656738422886,-0.856293780215668,0.720273604013189,0.345223708145575,,,B,True,True,Decreased Dep.,Oesophageal
TCERG1_exp,SCD,Expr,1.61095204431106,0.307266172754656,8.06050406056121e-05,0.0266755318489215,-1.45686461329302,-0.834535738667347,0.622328874625668,0.385735521187355,,,B,True,True,Decreased Dep.,Oesophageal
TJAP1_exp,SCD,Expr,1.40422673050059,0.29513851808086,0.000138673886615495,0.037077930433818,-1.47366005004769,-0.908729300622547,0.564930749425142,0.289762573150293,,,B,True,True,Decreased Dep.,Oesophageal
XPO5_exp,SCD,Expr,1.37009639086917,0.314487454785159,5.81394633177391e-05,0.0248720624073288,-1.45998329776407,-0.803912714988113,0.656070582775956,0.372482145603133,,,B,True,True,Decreased Dep.,Oesophageal
XRCC2_exp,SCD,Expr,1.49935815620943,0.336628109939554,2.09673823608097e-05,0.0178282905500574,-1.46376059029926,-0.753563730836196,0.710196859463061,0.441184446686297,,,B,True,True,Decreased Dep.,Oesophageal
HSP90AB1_amp,SCD,CN,0.787949658382959,0.262996794090734,0.000564600748851602,0.0259716344471737,-1.302065719315,-0.512882206829293,0.789183512485705,0.208768191860809,CCND3_amp/TFEB_amp,NFKBIE_amp,B,True,False,Decreased Dep.,Oesophageal
HSP90AB1_amp,SCD,CN,0.787949658382959,0.262996794090734,0.000564600748851602,0.0259716344471737,-1.302065719315,-0.512882206829293,0.789183512485705,0.208768191860809,CCND3_amp/TFEB_amp,NFKBIE_GoF,B,True,False,Decreased Dep.,Oesophageal
HSP90AB1_amp,SPTLC2,CN,-0.43571559064975,0.249047858620813,0.000861250389994997,0.0396175179397699,-0.660453817688243,-1.14637189071935,-0.485918073031107,0.253741268635472,CCND3_amp/TFEB_amp,NFKBIE_amp,C,True,False,Increased Dep.,Oesophageal
HSP90AB1_amp,SPTLC2,CN,-0.43571559064975,0.249047858620813,0.000861250389994997,0.0396175179397699,-0.660453817688243,-1.14637189071935,-0.485918073031107,0.253741268635472,CCND3_amp/TFEB_amp,NFKBIE_GoF,C,True,False,Increased Dep.,Oesophageal
HSP90AB1_amp,SRF,CN,0.379872744220422,0.25634801343996,0.000376584805117721,0.0115486006902768,-0.521121862906541,-0.115749416707395,0.405372446199146,0.268721483895666,CCND3_amp/TFEB_amp,NFKBIE_amp,C,True,True,Decreased Dep.,Oesophageal
HSP90AB1_amp,SRF,CN,0.379872744220422,0.25634801343996,0.000376584805117721,0.0115486006902768,-0.521121862906541,-0.115749416707395,0.405372446199146,0.268721483895666,CCND3_amp/TFEB_amp,NFKBIE_GoF,C,True,True,Decreased Dep.,Oesophageal
HSP90AB1_amp,UCHL5,CN,-0.351913646052266,0.281657592580073,0.000268022412425778,0.0123290309715858,-0.191370823535195,-0.558595299405557,-0.367224475870362,0.260465934356056,CCND3_amp/TFEB_amp,NFKBIE_amp,C,True,False,Increased Dep.,Oesophageal
HSP90AB1_amp,UCHL5,CN,-0.351913646052266,0.281657592580073,0.000268022412425778,0.0123290309715858,-0.191370823535195,-0.558595299405557,-0.367224475870362,0.260465934356056,CCND3_amp/TFEB_amp,NFKBIE_GoF,C,True,False,Increased Dep.,Oesophageal
HSP90AB1_amp,VPS33A,CN,-0.396754375847481,0.244895775222427,0.000222998982730719,0.00512897660280654,-0.0902814500729912,-0.501172245139235,-0.410890795066244,0.282340353993635,CCND3_amp/TFEB_amp,NFKBIE_amp,C,True,True,Increased Dep.,Oesophageal
HSP90AB1_amp,VPS33A,CN,-0.396754375847481,0.244895775222427,0.000222998982730719,0.00512897660280654,-0.0902814500729912,-0.501172245139235,-0.410890795066244,0.282340353993635,CCND3_amp/TFEB_amp,NFKBIE_GoF,C,True,True,Increased Dep.,Oesophageal
