sample_ID,library,distance,AUC_ROC,AUC_PR,COEFF,genes_depleted,SD_LFC,MEAN_LFC,TPR,FPR,order
HCM-SANG-0265-C18,minLib,15.3325801900969,0.908865411116215,0.920703482807452,2.68444597735766,1695,0.325769427694364,-0.101168397755812,0.913183279742765,0.0150375939849624,136
HCM-SANG-0266-C20,minLib,46.6226781962676,0.979911998646133,0.984358791210603,1.95400876689601,1143,0.466935868553959,-0.10057892137304,0.638263665594855,0.0120300751879699,32
HCM-SANG-0267-D12,v1_1,44.4570625959597,0.838459492783405,0.831948234282259,2.15665257467315,1164,0.451289273170041,-0.102159928107101,0.696141479099678,0.0135338345864662,46
HCM-SANG-0268-C18,minLib,21.7193733665757,0.986478253511592,0.98805500094637,2.40882026699302,1411,0.356051846892054,-0.10101421781712,0.840836012861736,0.0135338345864662,84
HCM-SANG-0270-C20,v1_1,44.1570102461544,0.974559388825762,0.974994128431408,2.76368339030223,1545,0.357075862793512,-0.100697874111589,0.861736334405145,0.0165413533834586,118
HCM-SANG-0272-C20,minLib,18.0823174744404,0.984391847786669,0.985359768720763,2.53638658568072,1746,0.33867672900236,-0.101121580960168,0.919614147909968,0.0150375939849624,129
HCM-SANG-0273-C18,v1_1,19.8107479196385,0.986451659695863,0.987308589839856,2.91364445215298,2021,0.304002179431296,-0.103458175065333,0.972668810289389,0.0165413533834586,176
HCM-SANG-0274-C18,v1_1,37.1045907016017,0.93465174189493,0.93233666919515,2.43959435521176,1176,0.382948983768372,-0.101224753290264,0.7491961414791,0.0135338345864662,66
HCM-SANG-0275-C18,minLib,22.916100089924,0.989993472427048,0.989908522294586,2.45375906886954,1250,0.373748361121936,-0.100957745080108,0.794212218649518,0.0135338345864662,75
HCM-SANG-0276-C18,v1_1,16.5553033212247,0.920046901820468,0.914399583814912,2.9425992081652,2116,0.31944744706843,-0.103468959486358,0.958199356913183,0.0210526315789473,177
HCM-SANG-0278-C20,v1_1,21.2187338037336,0.98701980030462,0.989573710790648,3.03912584650338,2111,0.315874882727198,-0.103549887872091,0.97427652733119,0.0180451127819549,180
HCM-SANG-0280-C18,minLib,36.7977472564928,0.951541232502478,0.958429586706766,2.10849915464215,1289,0.428408967906858,-0.100721910048256,0.704180064308682,0.0150375939849624,52
HCM-SANG-0281-C18,v1_1,27.9322928625839,0.988581582573798,0.989292786997212,2.76557476431345,1974,0.327913857082645,-0.103083218892544,0.954983922829582,0.0165413533834586,164
HCM-SANG-0282-C18,v1_1,37.4741462230964,0.973469042380872,0.970828363073149,2.24652559675376,1230,0.381581673642503,-0.102391177446226,0.742765273311897,0.0135338345864662,63
HCM-SANG-0283-C18,v1_1,34.0909359398845,0.949887580688055,0.955408071220979,2.31084679083926,1235,0.391236354035768,-0.10174690640061,0.773311897106109,0.0165413533834586,65
HCM-SANG-0284-C18,v1_1,37.2220286301462,0.771186809467398,0.735327888737757,1.95687679859628,1185,0.567636949006715,-0.109419627156352,0.691318327974277,0.0135338345864662,39
HCM-SANG-0286-C20,minLib,18.8867459793618,0.985605492831758,0.987177713076098,2.77528959348306,1844,0.329252989649208,-0.101106596982223,0.930868167202572,0.0165413533834586,157
HCM-SANG-0288-C18,minLib,18.59779602234,0.971563958126828,0.974697901913836,2.75966013299992,1608,0.331794091075456,-0.101137287806315,0.897106109324759,0.0150375939849624,130
HCM-SANG-0517-C20,minLib,34.4816893433112,0.995048715035176,0.995557515967836,2.80029354065333,1757,0.346623263498273,-0.100699889259675,0.92443729903537,0.0150375939849624,149
HCM-SANG-0518-C18,minLib,23.4368515525516,0.985987476730411,0.987535672132232,2.36744224460013,1220,0.410746973765152,-0.100752899364526,0.752411575562701,0.0150375939849624,67
HCM-SANG-0519-C20,minLib,13.5610015532966,0.985298455141068,0.988612766853445,2.91776040229743,1878,0.317350033000357,-0.101167244252094,0.945337620578778,0.0180451127819549,170
HCM-SANG-0525-C18,minLib,40.8176937319537,0.98574813238885,0.987252156736051,2.09604055512461,1061,0.444808176744837,-0.100433603129964,0.652733118971061,0.0105263157894737,35
HCM-SANG-0529-C18,minLib,36.5241211894742,0.98771849237241,0.989674000678538,2.25419850527739,1416,0.380088573355139,-0.100778354293955,0.807073954983923,0.0135338345864662,73
HCM-SANG-0532-C20,v1_1,36.6832100233305,0.957684403935885,0.963458310224699,2.43695578006786,1487,0.381873614550998,-0.101954454910887,0.826366559485531,0.0135338345864662,86
HCM-SANG-0534-C18,minLib,17.4551209437995,0.983214467035757,0.986649776695026,3.03766166495059,1890,0.318948841870662,-0.101079729172184,0.958199356913183,0.0150375939849624,173
HCM-SANG-0535-C20,minLib,46.6729459637253,0.98935280322994,0.990020366493408,2.03340244933577,476,0.491692717730207,-0.100242724727182,0.389067524115756,0.00601503759398492,13
HCM-SANG-0536-C18,v1_1,21.7707351962604,0.94729589246428,0.948617699860556,2.68420247775954,1899,0.322724554040409,-0.102886454643473,0.937299035369775,0.0165413533834586,154
HCM-SANG-0539-C18,minLib,40.2132343413649,0.986062422938375,0.988581080895336,2.11522266544385,1222,0.425201960497672,-0.100767072848165,0.684887459807074,0.0120300751879699,45
HCM-SANG-0541-C20,minLib,41.3679196999124,0.989164228900225,0.989130482488419,2.01164390300791,935,0.502164594957799,-0.100396481384299,0.57556270096463,0.0105263157894737,25
HCM-SANG-0542-C18,minLib,36.4550958651839,0.9892826922612,0.991021067787513,2.33144434235134,1331,0.360398500392968,-0.100868419993516,0.815112540192926,0.0150375939849624,74
HCM-SANG-0551-C18,v1_1,19.3385076565337,0.950629789908856,0.952908376778705,2.77567200835003,1494,0.33847856138013,-0.103454820718413,0.889067524115756,0.0165413533834586,123
HCM-SANG-1087-C18,minLib,41.5629027161023,0.971254502816527,0.975801994951786,2.10841947295991,810,0.468102759121051,-0.100198875025301,0.583601286173633,0.0120300751879699,27
HCM-SANG-1090-C18,v1_1,31.8973349475599,0.890991949326693,0.881685386052754,2.55626226734963,1398,0.344478741181734,-0.102072398923763,0.860128617363344,0.0165413533834586,95
HCM-SANG-1092-C18,v1_1,19.6012147404756,0.959758721562749,0.951784658721882,2.99154338558518,1718,0.310729502624277,-0.1032058328435,0.946945337620579,0.0165413533834586,162
HCM-SANG-1301-C20,minLib,44.7951912242782,0.986744191668883,0.988511636842862,1.84040193187718,1068,0.474236658983413,-0.1003657250327,0.639871382636656,0.0120300751879699,30
HCM-SANG-1304-C20,v1_1,29.9497093422128,0.813956918018519,0.82890681311032,2.44568691967191,1636,0.341794607011883,-0.102058192412582,0.884244372990354,0.0180451127819549,105
HCM-SANG-1312-C20,minLib,18.368088831818,0.975519183811619,0.979407582719172,2.74801377818489,1581,0.369513387912292,-0.100985752074362,0.887459807073955,0.0180451127819549,126
HCM-SANG-1314-C18,minLib,20.7540151724602,0.98271643739574,0.98584635889472,2.60345478282845,2007,0.330201367739362,-0.101116836880335,0.929260450160772,0.0195488721804511,144
HCM-SANG-1315-C18,v1_1,37.4125374933484,0.981802577182506,0.983579878665924,2.61373904529164,1503,0.343513370516391,-0.102372497032073,0.87459807073955,0.0165413533834586,110
HCM-SANG-1316-C18,minLib,47.8554352418006,0.920407127142615,0.927571594496944,1.74889199542919,465,0.466032964676828,-0.100962065096724,0.363344051446945,0.00601503759398492,6
HCM-SANG-1317-C20,minLib,11.2256508677792,0.945296521045379,0.954119835784167,2.89972813079087,2028,0.305151717556019,-0.101416762127422,0.966237942122186,0.0195488721804511,175
HCM-SANG-1318-C20,minLib,26.3675393837364,0.992568237313541,0.992239063175776,2.65508535778434,1585,0.346142194792281,-0.100912638110774,0.901929260450161,0.0165413533834586,122
HCM-SANG-1321-C18,v1_1,31.4114081563511,0.961760510601262,0.959962671574319,2.4560181904263,1373,0.390361916148285,-0.101094142844047,0.776527331189711,0.0150375939849624,76
HCM-SANG-1327-C18,minLib,13.1368127610724,0.960341367889176,0.964354306894763,2.83548286035081,1923,0.321080986755202,-0.101124338507597,0.940514469453376,0.0195488721804511,161
HCM-SANG-1332-C18,minLib,41.7890185048556,0.979198800860673,0.981203858367806,1.89738584064966,546,0.548513401014542,-0.100361339890668,0.368167202572347,0.00751879699248126,9
HCM-SANG-1334-C18,v1_1,30.4000460554466,0.982008074849503,0.982574748254441,2.68798849062847,1616,0.333517753914159,-0.103024005161881,0.90032154340836,0.0180451127819549,128
HCM-SANG-1337-C18,minLib,20.9158181185034,0.90912409641467,0.914612285169158,2.40611105600946,1078,0.40970612812203,-0.101283381694995,0.726688102893891,0.0120300751879699,64
HCM-SANG-1338-C20,v1_1,30.9148102369549,0.982721272634964,0.981570654120526,2.74769982021082,1627,0.331500329682341,-0.103143135246375,0.913183279742765,0.0150375939849624,137
WTSI-COLIVM_031,minLib,38.0541274859392,0.975142035152189,0.979985633708955,2.16334615391687,984,0.473570853126634,-0.100675433343257,0.612540192926045,0.0105263157894737,33
WTSI-COLIVM_034,minLib,17.079698431624,0.866206513067234,0.871021514033665,2.73919269856478,1400,0.338154819053431,-0.101299864754026,0.871382636655949,0.0165413533834586,111
WTSI-COLIVM_036,minLib,19.2312139668759,0.985056693179895,0.987212260739629,2.62010799202009,1437,0.344580271951952,-0.101028390344025,0.881028938906752,0.0165413533834586,104
WTSI-COLIVM_040,minLib,11.911532519003,0.953480163431086,0.959517440697097,2.80431427034376,1671,0.317216556943268,-0.10145446953573,0.914790996784566,0.0150375939849624,141
WTSI-COLIVM_045,minLib,14.7428137474012,0.947206440538646,0.955617002136932,2.82562131469161,2007,0.319790464346016,-0.101467551276821,0.946945337620579,0.0210526315789473,167
WTSI-COLIVM_051,minLib,25.660792601285,0.980185189662259,0.983058652801401,2.30705761930237,1557,0.337116841844766,-0.101033829409838,0.868167202572347,0.0165413533834586,88
WTSI-COLIVM_058,minLib,20.1180074454128,0.972207044943549,0.977772960809668,2.57316553105785,1505,0.335985467315688,-0.10138928212493,0.872990353697749,0.0180451127819549,103
WTSI-COLIVM_059,minLib,32.6409860577479,0.990979861228634,0.991958695070076,2.31871722328089,1330,0.375842026883658,-0.101075690300299,0.794212218649518,0.0165413533834586,72
WTSI-COLIVM_060,minLib,23.9967692776996,0.817641370306796,0.812450645420551,2.0678495854724,1237,0.498550297781904,-0.101472203768318,0.734726688102894,0.0135338345864662,55
WTSI-COLIVM_061,minLib,33.4370264592648,0.980639702149264,0.982745080487874,1.87205702730037,580,0.470109335810748,-0.100539496065318,0.427652733118971,0.00601503759398492,11
WTSI-COLIVM_068,minLib,9.67149425588432,0.796378405821628,0.804541797782258,2.90566869922999,1674,0.308953243531519,-0.101466230561676,0.932475884244373,0.0165413533834586,155
WTSI-COLIVM_069,minLib,25.2002707906253,0.978480767835989,0.981640869108744,2.55983123896154,1370,0.373466419669771,-0.100870722697139,0.82475884244373,0.0165413533834586,89
WTSI-COLIVM_072,minLib,47.067095998772,0.973701133863598,0.976145032438629,1.70447505946249,355,0.556447074824671,-0.100344913770018,0.276527331189711,0.00451127819548869,2
WTSI-COLIVM_074,minLib,40.1482105184881,0.966150907816164,0.968309672217757,1.93441165793876,838,0.492460639772034,-0.100477334991533,0.5,0.00902255639097749,16
WTSI-COLIVM_080,minLib,24.1572525157049,0.925070715373643,0.932066416852662,2.49795877299182,1642,0.356992243470953,-0.101295812380641,0.868167202572347,0.0165413533834586,102
WTSI-COLIVM_084,minLib,34.4627420041081,0.986693421657037,0.98824305843991,2.14950134715889,1061,0.392073852645102,-0.100916277228009,0.684887459807074,0.0135338345864662,40
WTSI-COLIVM_085,minLib,39.192426852192,0.944563982303024,0.944206314427604,2.17704078486118,992,0.42306221957517,-0.100908694649696,0.614147909967846,0.0150375939849624,34
WTSI-COLIVM_086,minLib,13.7349330870644,0.963394821458792,0.966776363604579,2.59043654808363,1349,0.352139491358934,-0.101216148199277,0.82475884244373,0.0165413533834586,92
WTSI-COLIVM_087,minLib,19.6199441178871,0.938720595701472,0.946294594294585,2.54869189366049,2059,0.338098142387334,-0.101019493495686,0.913183279742765,0.0195488721804511,139
WTSI-COLIVM_090,minLib,37.5923646972572,0.96346251480792,0.966751163979171,2.20497915072634,1045,0.427589356569352,-0.10085528289271,0.667202572347267,0.0120300751879699,42
WTSI-COLIVM_092,minLib,23.2789319639767,0.952481686531441,0.95712203917822,2.56774134289874,1475,0.351280915891444,-0.10112774100075,0.877813504823151,0.0180451127819549,99
WTSI-COLIVM_100,minLib,15.0622115020844,0.985100210332906,0.986878205647192,2.80743170497722,1650,0.316129161507865,-0.101310715206739,0.92443729903537,0.0150375939849624,142
WTSI-COLO_198,minLib,39.2127263235489,0.983482822812659,0.981409348126169,2.3235673269505,1030,0.395487992516609,-0.100982132895152,0.717041800643087,0.0135338345864662,53
WTSI-COLO_216,minLib,29.6097256169941,0.972997606556584,0.973440619287935,2.62358600299156,1443,0.35656035647854,-0.10087176207885,0.847266881028939,0.0135338345864662,98
WTSI-COLO_278,v1_1,39.9099833248479,0.975727099098228,0.975175432707892,2.33798916357009,1137,0.410032241518942,-0.101126781257186,0.705787781350482,0.0120300751879699,60
WTSI-COLO_376,v1_1,23.3818984884554,0.940884365253971,0.929187773418551,2.73082159817752,1245,0.368672921386049,-0.102557595780958,0.836012861736334,0.0150375939849624,96
WTSI-COLO_414,minLib,28.7626219949765,0.985121968909412,0.986710490077124,2.26469413378615,1064,0.406757326862528,-0.100838301282945,0.715434083601286,0.0120300751879699,49
WTSI-COLO_427,minLib,36.3601170212857,0.942494499915383,0.948106042652196,2.25037779350011,1211,0.414310092302599,-0.100735943767955,0.726688102893891,0.0120300751879699,59
WTSI-COLO_435,minLib,25.405570651293,0.932526654256219,0.943455268599042,2.41085938367516,1417,0.371268047577704,-0.100830723576078,0.813504823151125,0.0135338345864662,82
WTSI-COLO_446,minLib,41.9705353793242,0.965311993810894,0.969250756291024,1.86616563544052,607,0.52042341447965,-0.100215325039542,0.419614147909968,0.00751879699248126,10
WTSI-COLO_452,minLib,39.8376013299267,0.967524115755627,0.970512311173523,2.15329801110613,1083,0.409133612965417,-0.100774564261103,0.692926045016077,0.0150375939849624,43
WTSI-COLO_455,minLib,47.4941866514829,0.936786500012088,0.940287572868518,1.44475162294401,297,0.635985959813967,-0.0994159112030089,0.205787781350482,0.00300751879699246,1
WTSI-COLO_457,minLib,24.1818301585754,0.9719290186882,0.974566233195936,2.20370493750111,1503,0.3571220268852,-0.10068782090337,0.853697749196141,0.0150375939849624,79
WTSI-COLO_466,minLib,43.1076035527559,0.978011749631313,0.980783742213819,1.87524207193003,723,0.546739855996426,-0.0999645439524112,0.45016077170418,0.00751879699248126,12
WTSI-COLO_471,minLib,22.6091446374981,0.972059570147233,0.97567318537098,2.57897012916302,1676,0.350802510952363,-0.100851930430021,0.863344051446945,0.0180451127819549,113
WTSI-COLO_478,minLib,44.1748070114073,0.924949834393057,0.925986134324692,2.02853122120365,740,0.450043116154787,-0.100793367099836,0.512861736334405,0.0105263157894737,19
WTSI-COLO_493,minLib,43.1177517769348,0.988141575804463,0.988269418864011,2.05358583992962,936,0.418084219500733,-0.100643605065306,0.596463022508039,0.00902255639097749,29
