sample_ID,individual_ID,primary_tumour_type,msStatus,msStatus_conflict,CMS_prediction,CMS_conflict,CRIS_prediction,CRIS_conflict,KRAS_class,KRAS_conflict,KRAS_source
HCM-SANG-0265-C18,2135875,Colorectal,MSS,False,,False,CRISE,False,G12X,False,G12C;missense
HCM-SANG-1315-C18,2166948,Colorectal,MSS,False,,False,CRISC,False,other,False,A146T;AMP;missense
HCM-SANG-1318-C20,2169252,Colorectal,MSS,False,CMS2,False,CRISC,False,WT,False,
HCM-SANG-1316-C18,2136679,Colorectal,MSS,False,CMS2,False,CRISC,False,WT,False,
HCM-SANG-1317-C20,2172625,Colorectal,MSS,False,,False,,False,WT,False,
WTSI-COLIVM_031,2180271,Colorectal,MSS,False,CMS4,False,CRISB,False,other,False,A146V;missense
WTSI-COLIVM_034,2181329,Colorectal,MSS,False,,False,,False,WT,False,
WTSI-COLIVM_036,2183542,Colorectal,MSS,False,CMS4,False,CRISB,False,G12X,False,G12S;missense
WTSI-COLIVM_040,2184469,Colorectal,MSS,False,CMS3,False,CRISC,False,WT,False,
WTSI-COLIVM_045,2187767,Colorectal,MSS,False,CMS3,False,CRISD,False,WT,False,
WTSI-COLIVM_051,2194560,Colorectal,MSS,False,,False,CRISC,False,WT,False,
WTSI-COLIVM_058,2197867,Colorectal,MSS,False,CMS4,False,,False,G13X,False,G13D;missense
WTSI-COLIVM_059,2198054,Colorectal,MSS,False,,False,,False,WT,False,
WTSI-COLIVM_060,2199023,Colorectal,MSS,False,CMS3,False,CRISA,False,G12X,False,G12C;missense
WTSI-COLIVM_061,2199999,Colorectal,MSS,False,CMS1,False,CRISB,False,other,False,A146V;missense
WTSI-COLIVM_068,2200676,Colorectal,MSS,False,,False,,False,WT,False,
WTSI-COLIVM_069,2200814,Colorectal,MSS,False,,False,,False,G13X,False,G13D;missense
WTSI-COLIVM_072,2201468,Colorectal,MSS,False,,False,,False,WT,False,
WTSI-COLIVM_074,2202028,Colorectal,MSS,False,,False,,False,WT,False,
WTSI-COLIVM_080,2203061,Colorectal,MSS,False,,False,CRISC,False,G12X,False,G12V;missense
WTSI-COLIVM_084,2206918,Colorectal,MSS,False,CMS2,False,CRISA,False,G12X,False,G12A;missense
WTSI-COLIVM_085,2156381,Colorectal,MSS,False,CMS2,False,CRISC,False,WT,False,
WTSI-COLIVM_086,2207018,Colorectal,MSS,False,CMS4,False,CRISE,False,G13X,False,G13V;missense
WTSI-COLIVM_087,2207122,Colorectal,MSS,False,,False,CRISD,False,WT,False,
WTSI-COLIVM_090,2207757,Colorectal,MSS,False,,False,,False,WT,False,
WTSI-COLIVM_092,2210720,Colorectal,MSS,False,,False,,False,WT,False,
WTSI-COLIVM_100,2210719,Colorectal,MSS,False,,False,,False,Q61X,False,Q61L;missense
HCM-SANG-0266-C20,2124528,Colorectal,MSS,False,,False,CRISA,False,G12X,False,G12D;missense
HCM-SANG-0267-D12,2127582,Colorectal,MSS,False,,False,CRISA,False,G12X,False,G12V;missense
HCM-SANG-0268-C18,2131084,Colorectal,MSS,False,CMS4,False,CRISB,False,G12X,False,G12C;missense
HCM-SANG-0270-C20,2111479,Colorectal,MSS,False,CMS3,False,CRISA,False,G12X,False,G12D;missense
HCM-SANG-0272-C20,2131441,Colorectal,MSS,False,CMS3,False,CRISA,False,G12X,False,G12D;missense
HCM-SANG-0273-C18,2131099,Colorectal,MSI,False,,False,,False,WT,False,
HCM-SANG-0274-C18,2131442,Colorectal,MSS,False,,False,CRISD,False,WT,False,
HCM-SANG-0275-C18,2133200,Colorectal,MSS,False,CMS4,False,CRISC,False,WT,False,
HCM-SANG-0276-C18,2133201,Colorectal,MSI,False,,False,CRISE,False,WT,False,
HCM-SANG-0278-C20,2133207,Colorectal,MSS,False,CMS4,False,,False,WT,False,
HCM-SANG-0280-C18,2134266,Colorectal,MSS,False,CMS2,False,CRISC,False,WT,False,
HCM-SANG-0281-C18,2134263,Colorectal,MSS,False,CMS4,False,CRISC,False,WT,False,
HCM-SANG-0282-C18,2135560,Colorectal,MSI,False,CMS1,False,,False,WT,False,
HCM-SANG-0529-C18,2135564,Colorectal,MSS,False,CMS2,False,CRISD,False,G12X,False,G12V;missense
HCM-SANG-1087-C18,2135950,Colorectal,MSI,False,CMS3,False,CRISA,False,WT,False,
HCM-SANG-0283-C18,2135952,Colorectal,MSS,False,CMS2,False,CRISC,False,WT,False,
HCM-SANG-0551-C18,2135954,Colorectal,MSS,False,,False,CRISE,False,G12X,False,G12V;missense
HCM-SANG-0532-C20,2135947,Colorectal,MSS,False,CMS3,False,CRISA,False,G12X,False,G12D;missense
HCM-SANG-0284-C18,2136321,Colorectal,MSS,False,CMS2,False,CRISC,False,other,False,A146T;missense
HCM-SANG-1332-C18,2141681,Colorectal,MSS,False,CMS4,False,CRISE,False,WT,False,
HCM-SANG-0286-C20,2140195,Colorectal,MSS,False,CMS1,False,CRISB,False,Q61X,False,Q61H;missense
HCM-SANG-0534-C18,2137143,Colorectal,MSS,False,CMS1,False,CRISE,False,other,False,A146T;missense
HCM-SANG-0288-C18,2136682,Colorectal,MSI,False,CMS1,False,,False,WT,False,
HCM-SANG-0517-C20,2141683,Colorectal,MSS,False,CMS2,False,CRISC,False,WT,False,
HCM-SANG-0518-C18,2137272,Colorectal,MSS,False,,False,CRISB,False,WT,False,
WTSI-COLO_198,2143741,Colorectal,MSI,False,CMS4,False,CRISA,False,WT,False,
HCM-SANG-0541-C20,2147039,Colorectal,MSS,False,,False,,False,WT,False,
HCM-SANG-0519-C20,2147378,Colorectal,MSS,False,CMS3,False,CRISA,False,G12X,False,G12V;missense
WTSI-COLO_216,2152429,Colorectal,MSI,False,CMS1,False,,False,WT,False,
HCM-SANG-0525-C18,2156405,Colorectal,MSS,False,,False,,False,G12X,False,G12V;missense
HCM-SANG-0536-C18,2152431,Colorectal,MSS,False,CMS2,False,CRISC,False,WT,False,
HCM-SANG-0535-C20,2152656,Colorectal,MSS,False,,False,,False,G12X,False,G12V;missense
HCM-SANG-0542-C18,2156407,Colorectal,MSS,False,CMS2,False,,False,WT,False,
HCM-SANG-0539-C18,2156381,Colorectal,MSS,False,,False,CRISC,False,WT,False,
HCM-SANG-1338-C20,2156478,Colorectal,MSS,False,CMS1,False,CRISB,False,WT,False,
WTSI-COLO_278,2156383,Colorectal,MSI,False,CMS1,False,CRISA,False,WT,False,
HCM-SANG-1301-C20,2156393,Colorectal,MSS,False,,False,,False,G12X,False,G12D;missense
HCM-SANG-1334-C18,2156467,Colorectal,MSI,False,CMS1,False,,False,WT,False,
HCM-SANG-1090-C18,2158067,Colorectal,MSI,False,CMS3,False,CRISA,False,WT,False,
HCM-SANG-1092-C18,2158444,Colorectal,MSS,False,,False,,False,WT,False,
HCM-SANG-1321-C18,2159955,Colorectal,MSS,False,CMS2,False,CRISC,False,WT,False,
HCM-SANG-1327-C18,2162570,Colorectal,MSS,False,CMS4,False,CRISB,False,WT,False,
HCM-SANG-1314-C18,2162891,Colorectal,MSS,False,CMS2,False,CRISC,False,WT,False,
WTSI-COLO_376,2164133,Colorectal,MSI,False,,False,,False,G13X,False,G13D;missense
HCM-SANG-1304-C20,2166006,Colorectal,MSS,False,CMS4,False,CRISD,False,WT,False,
WTSI-COLO_414,2167654,Colorectal,MSI,False,CMS1,False,CRISA,False,WT,False,
WTSI-COLO_427,2168405,Colorectal,MSS,False,,False,,False,WT,False,
HCM-SANG-1337-C18,2169255,Colorectal,MSS,False,CMS2,False,CRISD,False,G13X,False,G13D;missense
WTSI-COLO_435,2169254,Colorectal,MSS,False,CMS2,False,CRISE,False,G12X,False,G12C;missense
WTSI-COLO_446,2179274,Colorectal,MSS,False,CMS3,False,CRISA,False,G12X,False,G12D;missense
WTSI-COLO_452,2179606,Colorectal,MSI,False,CMS4,False,CRISC,False,WT,False,
WTSI-COLO_455,2179615,Colorectal,MSS,False,CMS2,False,CRISD,False,G12X,False,G12V;missense
HCM-SANG-1312-C20,2179611,Colorectal,MSS,False,CMS4,False,CRISD,False,other,False,A146P;missense
WTSI-COLO_457,2179742,Colorectal,MSS,False,,False,CRISD,False,G12X,False,G12V;missense
WTSI-COLO_466,2180846,Colorectal,MSI,False,CMS1,False,CRISA,False,WT,False,
WTSI-COLO_471,2181211,Colorectal,MSI,False,CMS3,False,CRISA,False,WT,False,
WTSI-COLO_478,2194560,Colorectal,MSS,False,,False,,False,WT,False,
WTSI-COLO_493,2202829,Colorectal,MSS,False,,False,CRISA,False,WT,False,
