time_months	survival	ci95_low	ci95_high	group	n_group	events_group
0.0	1.0	1.0	1.0	High	260	74
1.0	0.9923076923076923	0.9695955724180995	0.998070604724284	High	260	74
2.0	0.9884162895927606	0.9645175828327202	0.9962494033333871	High	260	74
3.0	0.9766494290023703	0.9487624383594581	0.9894421933658509	High	260	74
4.0	0.9648351213934708	0.9335052398188762	0.9815482528416086	High	260	74
5.0	0.9490827112482707	0.9139196685712877	0.970115045030044	High	260	74
6.0	0.9371695391405519	0.8994778071389488	0.961032379903334	High	260	74
7.0	0.9331984817713118	0.8947280681179204	0.957938505152107	High	260	74
8.0	0.9251188412364958	0.8850995077919789	0.9515784232305581	High	260	74
9.0	0.9089595601668624	0.8661527124495112	0.9385588764812829	High	260	74
10.0	0.9049017049875464	0.8614448558396733	0.9352382660826165	High	260	74
11.0	0.900825571181296	0.8567305456170268	0.9318859802365603	High	260	74
12.0	0.892673303568796	0.8473592608939139	0.9251268017763007	High	260	74
13.0	0.8762939768978089	0.8287166951684904	0.9113602879784416	High	260	74
14.0	0.8640094818945689	0.8148934503151807	0.9008839970006673	High	260	74
15.0	0.859815261108673	0.8101773449842793	0.8972943388624994	High	260	74
16.0	0.855600480416964	0.805447622999597	0.893676769182738	High	260	74
17.0	0.8470870428008747	0.795917013884141	0.8863425871695576	High	260	74
18.0	0.8255873716637966	0.77203840354671	0.8676372028746214	High	260	74
19.0	0.8169875032089654	0.7625745238080194	0.8600766865038365	High	260	74
20.0	0.8083876347541342	0.7531559011441369	0.8524751543877266	High	260	74
21.0	0.7910029544368405	0.7342077333610568	0.8370155217455184	High	260	74
22.0	0.7866327723681285	0.7294657672205932	0.8331088807846763	High	260	74
23.0	0.7822381758744518	0.7247026627837488	0.8291744498993171	High	260	74
24.0	0.7778435793807749	0.7199496261042108	0.8252309834297036	High	260	74
25.0	0.7778435793807749	0.7199496261042108	0.8252309834297036	High	260	74
26.0	0.7733732139820351	0.7151099491173275	0.8212204157506043	High	260	74
27.0	0.768850563607871	0.7102140614067513	0.8171605430067171	High	260	74
28.0	0.7643279132337069	0.7053288892085396	0.8130913569675126	High	260	74
29.0	0.7643279132337069	0.7053288892085396	0.8130913569675126	High	260	74
31.0	0.7643279132337069	0.7053288892085396	0.8130913569675126	High	260	74
32.0	0.7550633324672379	0.6953119551829077	0.8047565336275698	High	260	74
33.0	0.7504024476989221	0.6902840302499645	0.8005527853593687	High	260	74
34.0	0.7410224171026858	0.6801878965225069	0.7920719089792119	High	260	74
35.0	0.7363324018045672	0.6751563535116547	0.7878174169088612	High	260	74
36.0	0.7316123223058201	0.670097718475176	0.78353043127915	High	260	74
37.0	0.7316123223058201	0.670097718475176	0.78353043127915	High	260	74
39.0	0.7267990833432817	0.664932749692734	0.7791619779179374	High	260	74
41.0	0.7219537561209933	0.6597389220452374	0.7747590265152865	High	260	74
42.0	0.7219537561209933	0.6597389220452374	0.7747590265152865	High	260	74
43.0	0.7168335167158795	0.6542090208832279	0.7701348616628776	High	260	74
44.0	0.7168335167158795	0.6542090208832279	0.7701348616628776	High	260	74
45.0	0.71152363881428	0.6484514455061986	0.7653550770086206	High	260	74
46.0	0.71152363881428	0.6484514455061986	0.7653550770086206	High	260	74
47.0	0.71152363881428	0.6484514455061986	0.7653550770086206	High	260	74
48.0	0.71152363881428	0.6484514455061986	0.7653550770086206	High	260	74
49.0	0.71152363881428	0.6484514455061986	0.7653550770086206	High	260	74
50.0	0.71152363881428	0.6484514455061986	0.7653550770086206	High	260	74
51.0	0.71152363881428	0.6484514455061986	0.7653550770086206	High	260	74
52.0	0.71152363881428	0.6484514455061986	0.7653550770086206	High	260	74
53.0	0.6990407679578888	0.6345566916638365	0.7543808000725931	High	260	74
54.0	0.6990407679578888	0.6345566916638365	0.7543808000725931	High	260	74
55.0	0.6990407679578888	0.6345566916638365	0.7543808000725931	High	260	74
56.0	0.6990407679578888	0.6345566916638365	0.7543808000725931	High	260	74
57.0	0.6990407679578888	0.6345566916638365	0.7543808000725931	High	260	74
59.0	0.6990407679578888	0.6345566916638365	0.7543808000725931	High	260	74
60.0	0.6990407679578888	0.6345566916638365	0.7543808000725931	High	260	74
61.0	0.6990407679578888	0.6345566916638365	0.7543808000725931	High	260	74
62.0	0.6990407679578888	0.6345566916638365	0.7543808000725931	High	260	74
63.0	0.6990407679578888	0.6345566916638365	0.7543808000725931	High	260	74
64.0	0.6990407679578888	0.6345566916638365	0.7543808000725931	High	260	74
65.0	0.6990407679578888	0.6345566916638365	0.7543808000725931	High	260	74
66.0	0.691186377306677	0.6254236224211547	0.7477667144043642	High	260	74
67.0	0.691186377306677	0.6254236224211547	0.7477667144043642	High	260	74
68.0	0.691186377306677	0.6254236224211547	0.7477667144043642	High	260	74
69.0	0.691186377306677	0.6254236224211547	0.7477667144043642	High	260	74
70.0	0.691186377306677	0.6254236224211547	0.7477667144043642	High	260	74
72.0	0.691186377306677	0.6254236224211547	0.7477667144043642	High	260	74
73.0	0.691186377306677	0.6254236224211547	0.7477667144043642	High	260	74
74.0	0.6817180707682294	0.6139841566094885	0.7401203597154499	High	260	74
75.0	0.6817180707682294	0.6139841566094885	0.7401203597154499	High	260	74
76.0	0.6817180707682294	0.6139841566094885	0.7401203597154499	High	260	74
77.0	0.6817180707682294	0.6139841566094885	0.7401203597154499	High	260	74
78.0	0.6817180707682294	0.6139841566094885	0.7401203597154499	High	260	74
79.0	0.6817180707682294	0.6139841566094885	0.7401203597154499	High	260	74
81.0	0.6817180707682294	0.6139841566094885	0.7401203597154499	High	260	74
82.0	0.6817180707682294	0.6139841566094885	0.7401203597154499	High	260	74
83.0	0.6817180707682294	0.6139841566094885	0.7401203597154499	High	260	74
85.0	0.6817180707682294	0.6139841566094885	0.7401203597154499	High	260	74
86.0	0.6817180707682294	0.6139841566094885	0.7401203597154499	High	260	74
87.0	0.6817180707682294	0.6139841566094885	0.7401203597154499	High	260	74
89.0	0.6817180707682294	0.6139841566094885	0.7401203597154499	High	260	74
90.0	0.6817180707682294	0.6139841566094885	0.7401203597154499	High	260	74
91.0	0.6817180707682294	0.6139841566094885	0.7401203597154499	High	260	74
92.0	0.6817180707682294	0.6139841566094885	0.7401203597154499	High	260	74
93.0	0.6642381202357107	0.5888406173367408	0.729030233524895	High	260	74
95.0	0.6642381202357107	0.5888406173367408	0.729030233524895	High	260	74
97.0	0.6642381202357107	0.5888406173367408	0.729030233524895	High	260	74
99.0	0.6642381202357107	0.5888406173367408	0.729030233524895	High	260	74
104.0	0.6642381202357107	0.5888406173367408	0.729030233524895	High	260	74
105.0	0.6642381202357107	0.5888406173367408	0.729030233524895	High	260	74
106.0	0.6642381202357107	0.5888406173367408	0.729030233524895	High	260	74
109.0	0.6642381202357107	0.5888406173367408	0.729030233524895	High	260	74
117.0	0.6642381202357107	0.5888406173367408	0.729030233524895	High	260	74
119.0	0.636561531892556	0.5441937902137256	0.7151278214629481	High	260	74
120.0	0.636561531892556	0.5441937902137256	0.7151278214629481	High	260	74
127.0	0.636561531892556	0.5441937902137256	0.7151278214629481	High	260	74
129.0	0.636561531892556	0.5441937902137256	0.7151278214629481	High	260	74
130.0	0.636561531892556	0.5441937902137256	0.7151278214629481	High	260	74
133.0	0.636561531892556	0.5441937902137256	0.7151278214629481	High	260	74
134.0	0.636561531892556	0.5441937902137256	0.7151278214629481	High	260	74
135.0	0.636561531892556	0.5441937902137256	0.7151278214629481	High	260	74
140.0	0.636561531892556	0.5441937902137256	0.7151278214629481	High	260	74
141.0	0.636561531892556	0.5441937902137256	0.7151278214629481	High	260	74
142.0	0.636561531892556	0.5441937902137256	0.7151278214629481	High	260	74
144.0	0.636561531892556	0.5441937902137256	0.7151278214629481	High	260	74
146.0	0.636561531892556	0.5441937902137256	0.7151278214629481	High	260	74
147.0	0.636561531892556	0.5441937902137256	0.7151278214629481	High	260	74
153.0	0.636561531892556	0.5441937902137256	0.7151278214629481	High	260	74
154.0	0.636561531892556	0.5441937902137256	0.7151278214629481	High	260	74
158.0	0.636561531892556	0.5441937902137256	0.7151278214629481	High	260	74
163.0	0.636561531892556	0.5441937902137256	0.7151278214629481	High	260	74
168.0	0.636561531892556	0.5441937902137256	0.7151278214629481	High	260	74
172.0	0.636561531892556	0.5441937902137256	0.7151278214629481	High	260	74
183.0	0.636561531892556	0.5441937902137256	0.7151278214629481	High	260	74
192.0	0.636561531892556	0.5441937902137256	0.7151278214629481	High	260	74
0.0	1.0	1.0	1.0	Low	259	71
1.0	1.0	1.0	1.0	Low	259	71
2.0	0.988326848249027	0.964248192425115	0.9962201983734852	Low	259	71
3.0	0.9727011273280934	0.9435929235691701	0.9868918933072801	Low	259	71
4.0	0.9531689761769273	0.9190075349632615	0.9731306505965986	Low	259	71
5.0	0.941449685486227	0.9047578392567118	0.9642830787637899	Low	259	71
6.0	0.9296815644176495	0.8907054051342531	0.955106182749469	Low	259	71
7.0	0.9257422357548625	0.8860480558421586	0.9519815622265942	Low	259	71
8.0	0.9217860723542	0.8813891291201585	0.9488214512166068	Low	259	71
9.0	0.9020052553508916	0.8584135931754916	0.9326994375721236	Low	259	71
10.0	0.8940580724843638	0.8493018509811254	0.9260978453089321	Low	259	71
11.0	0.8781637067513081	0.8312652249819925	0.9127094281660681	Low	259	71
12.0	0.8781637067513081	0.8312652249819925	0.9127094281660681	Low	259	71
13.0	0.8660231946764048	0.8175822912904726	0.9023671151599576	Low	259	71
14.0	0.8578915214869548	0.808475673855934	0.8953812321103864	Low	259	71
15.0	0.8455772891211135	0.79475274711041	0.8847288249864541	Low	259	71
16.0	0.8413912629373453	0.79009408910275	0.8810957641600323	Low	259	71
17.0	0.8371843066226589	0.7854201040591248	0.8774359841453777	Low	259	71
18.0	0.832934640091579	0.7807017631081228	0.8737335631821471	Low	259	71
19.0	0.8074366409051025	0.7526428874139929	0.8512957970488668	Low	259	71
20.0	0.8074366409051025	0.7526428874139929	0.8512957970488668	Low	259	71
21.0	0.8030721185218321	0.7478557636695515	0.8474349019645805	Low	259	71
22.0	0.7987075961385615	0.7430801834442419	0.8435639757347937	Low	259	71
23.0	0.7899785513720198	0.7335622987143707	0.8357930235706045	Low	259	71
24.0	0.7856140289887487	0.7288193687574533	0.8318934612705515	Low	259	71
25.0	0.7767869050675266	0.7192390636770281	0.8239919062621283	Low	259	71
26.0	0.7767869050675266	0.7192390636770281	0.8239919062621283	Low	259	71
27.0	0.7722442915875994	0.7142994282106528	0.8199287778557317	Low	259	71
28.0	0.7676200742727036	0.7092665781567634	0.8157937707543086	Low	259	71
29.0	0.7676200742727036	0.7092665781567634	0.8157937707543086	Low	259	71
30.0	0.7629678313983241	0.7042099276852042	0.8116273227328663	Low	259	71
32.0	0.7582870471566163	0.6991288841482194	0.8074290247429842	Low	259	71
33.0	0.7582870471566163	0.6991288841482194	0.8074290247429842	Low	259	71
35.0	0.7582870471566163	0.6991288841482194	0.8074290247429842	Low	259	71
36.0	0.7533309226653968	0.6937053927734967	0.8030122479660055	Low	259	71
37.0	0.7380607012600172	0.6770085885423114	0.7893867649378018	Low	259	71
38.0	0.7329706274582242	0.671475031654445	0.7848200316387568	Low	259	71
39.0	0.7329706274582242	0.671475031654445	0.7848200316387568	Low	259	71
42.0	0.7329706274582242	0.671475031654445	0.7848200316387568	Low	259	71
43.0	0.7329706274582242	0.671475031654445	0.7848200316387568	Low	259	71
45.0	0.7223478647414383	0.6598850823076287	0.7753160714035962	Low	259	71
46.0	0.7223478647414383	0.6598850823076287	0.7753160714035962	Low	259	71
47.0	0.7223478647414383	0.6598850823076287	0.7753160714035962	Low	259	71
48.0	0.716916677788495	0.6539615478363335	0.7704541586530412	Low	259	71
50.0	0.716916677788495	0.6539615478363335	0.7704541586530412	Low	259	71
51.0	0.716916677788495	0.6539615478363335	0.7704541586530412	Low	259	71
52.0	0.716916677788495	0.6539615478363335	0.7704541586530412	Low	259	71
53.0	0.716916677788495	0.6539615478363335	0.7704541586530412	Low	259	71
54.0	0.7107363616006633	0.6470695812352742	0.7650310516157356	Low	259	71
55.0	0.7107363616006633	0.6470695812352742	0.7650310516157356	Low	259	71
56.0	0.7042751219497478	0.6398304547541116	0.7593869611723135	Low	259	71
57.0	0.7042751219497478	0.6398304547541116	0.7593869611723135	Low	259	71
59.0	0.7042751219497478	0.6398304547541116	0.7593869611723135	Low	259	71
60.0	0.7042751219497478	0.6398304547541116	0.7593869611723135	Low	259	71
61.0	0.6971612318290437	0.6317334667679314	0.7532673417587492	Low	259	71
62.0	0.6971612318290437	0.6317334667679314	0.7532673417587492	Low	259	71
63.0	0.6971612318290437	0.6317334667679314	0.7532673417587492	Low	259	71
64.0	0.6971612318290437	0.6317334667679314	0.7532673417587492	Low	259	71
66.0	0.6971612318290437	0.6317334667679314	0.7532673417587492	Low	259	71
67.0	0.6971612318290437	0.6317334667679314	0.7532673417587492	Low	259	71
69.0	0.6971612318290437	0.6317334667679314	0.7532673417587492	Low	259	71
70.0	0.6971612318290437	0.6317334667679314	0.7532673417587492	Low	259	71
71.0	0.6971612318290437	0.6317334667679314	0.7532673417587492	Low	259	71
72.0	0.6971612318290437	0.6317334667679314	0.7532673417587492	Low	259	71
73.0	0.6971612318290437	0.6317334667679314	0.7532673417587492	Low	259	71
74.0	0.6971612318290437	0.6317334667679314	0.7532673417587492	Low	259	71
75.0	0.6971612318290437	0.6317334667679314	0.7532673417587492	Low	259	71
76.0	0.6971612318290437	0.6317334667679314	0.7532673417587492	Low	259	71
77.0	0.6971612318290437	0.6317334667679314	0.7532673417587492	Low	259	71
78.0	0.686598182861937	0.6185393986620491	0.7450522024065998	Low	259	71
79.0	0.686598182861937	0.6185393986620491	0.7450522024065998	Low	259	71
80.0	0.686598182861937	0.6185393986620491	0.7450522024065998	Low	259	71
81.0	0.686598182861937	0.6185393986620491	0.7450522024065998	Low	259	71
82.0	0.686598182861937	0.6185393986620491	0.7450522024065998	Low	259	71
83.0	0.686598182861937	0.6185393986620491	0.7450522024065998	Low	259	71
84.0	0.686598182861937	0.6185393986620491	0.7450522024065998	Low	259	71
85.0	0.686598182861937	0.6185393986620491	0.7450522024065998	Low	259	71
86.0	0.686598182861937	0.6185393986620491	0.7450522024065998	Low	259	71
87.0	0.686598182861937	0.6185393986620491	0.7450522024065998	Low	259	71
88.0	0.686598182861937	0.6185393986620491	0.7450522024065998	Low	259	71
89.0	0.686598182861937	0.6185393986620491	0.7450522024065998	Low	259	71
90.0	0.686598182861937	0.6185393986620491	0.7450522024065998	Low	259	71
91.0	0.686598182861937	0.6185393986620491	0.7450522024065998	Low	259	71
92.0	0.686598182861937	0.6185393986620491	0.7450522024065998	Low	259	71
93.0	0.686598182861937	0.6185393986620491	0.7450522024065998	Low	259	71
94.0	0.686598182861937	0.6185393986620491	0.7450522024065998	Low	259	71
95.0	0.686598182861937	0.6185393986620491	0.7450522024065998	Low	259	71
96.0	0.686598182861937	0.6185393986620491	0.7450522024065998	Low	259	71
97.0	0.686598182861937	0.6185393986620491	0.7450522024065998	Low	259	71
98.0	0.686598182861937	0.6185393986620491	0.7450522024065998	Low	259	71
100.0	0.686598182861937	0.6185393986620491	0.7450522024065998	Low	259	71
101.0	0.686598182861937	0.6185393986620491	0.7450522024065998	Low	259	71
103.0	0.686598182861937	0.6185393986620491	0.7450522024065998	Low	259	71
104.0	0.686598182861937	0.6185393986620491	0.7450522024065998	Low	259	71
105.0	0.686598182861937	0.6185393986620491	0.7450522024065998	Low	259	71
106.0	0.686598182861937	0.6185393986620491	0.7450522024065998	Low	259	71
107.0	0.686598182861937	0.6185393986620491	0.7450522024065998	Low	259	71
108.0	0.686598182861937	0.6185393986620491	0.7450522024065998	Low	259	71
109.0	0.686598182861937	0.6185393986620491	0.7450522024065998	Low	259	71
112.0	0.686598182861937	0.6185393986620491	0.7450522024065998	Low	259	71
118.0	0.686598182861937	0.6185393986620491	0.7450522024065998	Low	259	71
121.0	0.686598182861937	0.6185393986620491	0.7450522024065998	Low	259	71
122.0	0.686598182861937	0.6185393986620491	0.7450522024065998	Low	259	71
125.0	0.686598182861937	0.6185393986620491	0.7450522024065998	Low	259	71
127.0	0.686598182861937	0.6185393986620491	0.7450522024065998	Low	259	71
131.0	0.686598182861937	0.6185393986620491	0.7450522024065998	Low	259	71
132.0	0.686598182861937	0.6185393986620491	0.7450522024065998	Low	259	71
140.0	0.686598182861937	0.6185393986620491	0.7450522024065998	Low	259	71
146.0	0.686598182861937	0.6185393986620491	0.7450522024065998	Low	259	71
164.0	0.686598182861937	0.6185393986620491	0.7450522024065998	Low	259	71
183.0	0.686598182861937	0.6185393986620491	0.7450522024065998	Low	259	71
201.0	0.686598182861937	0.6185393986620491	0.7450522024065998	Low	259	71
