time_months	survival	ci95_low	ci95_high	group
0.0	1.0	1.0	1.0	High
0.197258112	1.0	1.0	1.0	High
0.526021633	1.0	1.0	1.0	High
0.920537857	1.0	1.0	1.0	High
0.953414209	0.9964285714285716	0.9749206112089657	0.9994961430890986	High
0.986290561	0.9964285714285716	0.9749206112089657	0.9994961430890986	High
1.019166913	0.9964285714285716	0.9749206112089657	0.9994961430890986	High
1.413683138	0.9926966292134832	0.9711049109097531	0.9981691408588756	High
1.545188546	0.9926966292134832	0.9711049109097531	0.9981691408588756	High
2.005457474	0.9814585541657833	0.956021694657088	0.9922420949658483	High
2.498602755	0.9776981765636151	0.9510264344104706	0.9899204826189962	High
3.024624388	0.973937798961447	0.9461030183753893	0.9874917761141183	High
3.189006148	0.9701774213592796	0.9412451210156033	0.9849756147189678	High
4.010914949	0.9664170437571122	0.936445942711817	0.982386163375871	High
5.128710918	0.962656666154944	0.9316992657478117	0.9797340445599834	High
5.227339974	0.9588962885527761	0.9269996725513215	0.9770274715885978	High
5.786237959	0.9551359109506088	0.9223425139015073	0.9742729535817167	High
5.983496071	0.9551359109506088	0.9223425139015073	0.9742729535817167	High
6.049248775	0.9551359109506088	0.9223425139015073	0.9742729535817167	High
6.180754184	0.9513305885962239	0.9176477602409996	0.9714496005175219	High
7.035539337	0.9475252662418391	0.9129913451287596	0.9685867374451278	High
7.068415689	0.9475252662418391	0.9129913451287596	0.9685867374451278	High
7.528684617	0.9475252662418391	0.9129913451287596	0.9685867374451278	High
7.956077194	0.9436891315606976	0.9083194098557611	0.9656695507995758	High
8.021829898	0.9436891315606976	0.9083194098557611	0.9656695507995758	High
8.05470625	0.9436891315606976	0.9083194098557611	0.9656695507995758	High
8.350593418	0.9436891315606976	0.9083194098557611	0.9656695507995758	High
8.38346977	0.9436891315606976	0.9083194098557611	0.9656695507995758	High
8.449222474	0.9436891315606976	0.9083194098557611	0.9656695507995758	High
8.613604235	0.9397734090231014	0.9035525230932611	0.962670620429525	High
9.040996811	0.9397734090231014	0.9035525230932611	0.962670620429525	High
9.073873163	0.9397734090231014	0.9035525230932611	0.962670620429525	High
9.435513036	0.9397734090231014	0.9035525230932611	0.962670620429525	High
9.534142092	0.9357913183069013	0.8987145129080184	0.9595987568914135	High
9.632771148	0.9357913183069013	0.8987145129080184	0.9595987568914135	High
9.961534668	0.931792210109008	0.8938851880415177	0.9564853206969118	High
10.06016372	0.9237939937132226	0.8843237244832179	0.9501736111102884	High
10.12591643	0.9237939937132226	0.8843237244832179	0.9501736111102884	High
10.25742184	0.9237939937132226	0.8843237244832179	0.9501736111102884	High
10.78344347	0.9237939937132226	0.8843237244832179	0.9501736111102884	High
10.88207253	0.9197244166484068	0.8794787232492962	0.9469339443952324	High
10.98070158	0.9115852625187743	0.8698730306379369	0.9403823615721488	High
11.01357793	0.9075156854539587	0.8651083303825516	0.937073374911638	High
11.07933064	0.9075156854539587	0.8651083303825516	0.937073374911638	High
11.11220699	0.9034277769609226	0.8603398848403723	0.9337316869106953	High
11.37521781	0.9034277769609226	0.8603398848403723	0.9337316869106953	High
11.63822862	0.9034277769609226	0.8603398848403723	0.9337316869106953	High
11.9998685	0.9034277769609226	0.8603398848403723	0.9337316869106953	High
12.03274485	0.9034277769609226	0.8603398848403723	0.9337316869106953	High
12.09849755	0.8992061518349376	0.8553978167783045	0.9302807970447203	High
12.16425026	0.8992061518349376	0.8553978167783045	0.9302807970447203	High
12.39438472	0.8992061518349376	0.8553978167783045	0.9302807970447203	High
12.46013742	0.8992061518349376	0.8553978167783045	0.9302807970447203	High
12.49301378	0.8992061518349376	0.8553978167783045	0.9302807970447203	High
12.59164283	0.8992061518349376	0.8553978167783045	0.9302807970447203	High
12.75602459	0.8992061518349376	0.8553978167783045	0.9302807970447203	High
12.9532827	0.8992061518349376	0.8553978167783045	0.9302807970447203	High
12.98615906	0.8992061518349376	0.8553978167783045	0.9302807970447203	High
13.01903541	0.8948197803625715	0.8502383171801543	0.9266996872848021	High
13.24916987	0.8903679406592748	0.8450109171485828	0.9230532645303452	High
13.34779893	0.8903679406592748	0.8450109171485828	0.9230532645303452	High
13.41355163	0.8903679406592748	0.8450109171485828	0.9230532645303452	High
13.6436861	0.8903679406592748	0.8450109171485828	0.9230532645303452	High
13.77519151	0.8903679406592748	0.8450109171485828	0.9230532645303452	High
14.00532597	0.8903679406592748	0.8450109171485828	0.9230532645303452	High
14.03820232	0.8903679406592748	0.8450109171485828	0.9230532645303452	High
14.30121314	0.8903679406592748	0.8450109171485828	0.9230532645303452	High
14.49847125	0.8903679406592748	0.8450109171485828	0.9230532645303452	High
14.5313476	0.885656999174305	0.8394292597650422	0.9192138999576811	High
14.86011112	0.885656999174305	0.8394292597650422	0.9192138999576811	High
14.99161653	0.885656999174305	0.8394292597650422	0.9192138999576811	High
15.02449288	0.885656999174305	0.8394292597650422	0.9192138999576811	High
15.12312194	0.885656999174305	0.8394292597650422	0.9192138999576811	High
15.58339087	0.885656999174305	0.8394292597650422	0.9192138999576811	High
15.61626722	0.885656999174305	0.8394292597650422	0.9192138999576811	High
15.64914357	0.885656999174305	0.8394292597650422	0.9192138999576811	High
15.84640168	0.885656999174305	0.8394292597650422	0.9192138999576811	High
15.94503074	0.885656999174305	0.8394292597650422	0.9192138999576811	High
16.0436598	0.885656999174305	0.8394292597650422	0.9192138999576811	High
16.07653615	0.885656999174305	0.8394292597650422	0.9192138999576811	High
16.14228885	0.885656999174305	0.8394292597650422	0.9192138999576811	High
16.24091791	0.8805670164204299	0.8333138459092798	0.9151044758529059	High
16.30667061	0.8754770336665539	0.8272449250343226	0.9109652843431695	High
17.02995036	0.8754770336665539	0.8272449250343226	0.9109652843431695	High
17.22720847	0.8702658608471107	0.8210375934917158	0.9067194799153263	High
17.45734293	0.8702658608471107	0.8210375934917158	0.9067194799153263	High
17.55597199	0.8702658608471107	0.8210375934917158	0.9067194799153263	High
17.7532301	0.8702658608471107	0.8210375934917158	0.9067194799153263	High
17.95048821	0.8702658608471107	0.8210375934917158	0.9067194799153263	High
17.98336457	0.8702658608471107	0.8210375934917158	0.9067194799153263	High
18.04911727	0.8702658608471107	0.8210375934917158	0.9067194799153263	High
19.00253148	0.8702658608471107	0.8210375934917158	0.9067194799153263	High
19.03540783	0.8648266992168164	0.8145328244859417	0.9022978151139973	High
19.06828418	0.8648266992168164	0.8145328244859417	0.9022978151139973	High
19.331295	0.8648266992168164	0.8145328244859417	0.9022978151139973	High
19.66005852	0.8591370498798636	0.8077001018468862	0.897684660034407	High
19.95594569	0.8591370498798636	0.8077001018468862	0.897684660034407	High
19.98882204	0.8591370498798636	0.8077001018468862	0.897684660034407	High
20.12032745	0.8591370498798636	0.8077001018468862	0.897684660034407	High
20.18608015	0.8591370498798636	0.8077001018468862	0.897684660034407	High
20.28470921	0.8591370498798636	0.8077001018468862	0.897684660034407	High
20.41621462	0.8591370498798636	0.8077001018468862	0.897684660034407	High
20.54772003	0.8591370498798636	0.8077001018468862	0.897684660034407	High
21.00798895	0.8591370498798636	0.8077001018468862	0.897684660034407	High
21.13949436	0.8530438793133392	0.8003089127617784	0.8927830946149428	High
21.36962883	0.8530438793133392	0.8003089127617784	0.8927830946149428	High
21.43538153	0.8530438793133392	0.8003089127617784	0.8927830946149428	High
21.76414505	0.8530438793133392	0.8003089127617784	0.8927830946149428	High
21.89565046	0.8530438793133392	0.8003089127617784	0.8927830946149428	High
21.99427952	0.8530438793133392	0.8003089127617784	0.8927830946149428	High
22.02715587	0.8467250357628697	0.7926400322724527	0.8877003906531775	High
22.06003222	0.8467250357628697	0.7926400322724527	0.8877003906531775	High
22.09290857	0.8467250357628697	0.7926400322724527	0.8877003906531775	High
22.42167209	0.8402614858715503	0.7848223484422041	0.8824844074464685	High
22.52030115	0.8402614858715503	0.7848223484422041	0.8824844074464685	High
22.98057008	0.8402614858715503	0.7848223484422041	0.8824844074464685	High
23.01344643	0.8402614858715503	0.7848223484422041	0.8824844074464685	High
23.86823158	0.8402614858715503	0.7848223484422041	0.8824844074464685	High
23.99973699	0.833592743920189	0.7767647168177999	0.8770968555741536	High
24.03261334	0.833592743920189	0.7767647168177999	0.8770968555741536	High
24.16411875	0.833592743920189	0.7767647168177999	0.8770968555741536	High
24.92027485	0.8267035476894433	0.7684473858071585	0.8715265014836617	High
25.0189039	0.8267035476894433	0.7684473858071585	0.8715265014836617	High
25.08465661	0.8267035476894433	0.7684473858071585	0.8715265014836617	High
26.00519446	0.8267035476894433	0.7684473858071585	0.8715265014836617	High
26.16957622	0.8267035476894433	0.7684473858071585	0.8715265014836617	High
26.99148503	0.8267035476894433	0.7684473858071585	0.8715265014836617	High
27.02436138	0.8193875870904211	0.7595570353271867	0.865645326352509	High
27.09011408	0.8193875870904211	0.7595570353271867	0.865645326352509	High
27.4188776	0.8193875870904211	0.7595570353271867	0.865645326352509	High
27.55038301	0.8193875870904211	0.7595570353271867	0.865645326352509	High
28.9969425	0.8193875870904211	0.7595570353271867	0.865645326352509	High
29.0626952	0.8193875870904211	0.7595570353271867	0.865645326352509	High
29.45721143	0.8193875870904211	0.7595570353271867	0.865645326352509	High
29.55584048	0.8112748387033875	0.7495191623184493	0.8592329285609465	High
29.98323306	0.8112748387033875	0.7495191623184493	0.8592329285609465	High
30.01610941	0.8112748387033875	0.7495191623184493	0.8592329285609465	High
31.00239997	0.8112748387033875	0.7495191623184493	0.8592329285609465	High
31.06815268	0.8112748387033875	0.7495191623184493	0.8592329285609465	High
31.29828714	0.8112748387033875	0.7495191623184493	0.8592329285609465	High
31.62705066	0.8112748387033875	0.7495191623184493	0.8592329285609465	High
31.95581418	0.8022606738289053	0.7381706052942063	0.8522313724612209	High
32.02156689	0.8022606738289053	0.7381706052942063	0.8522313724612209	High
32.05444324	0.8022606738289053	0.7381706052942063	0.8522313724612209	High
32.18594865	0.8022606738289053	0.7381706052942063	0.8522313724612209	High
32.44895946	0.8022606738289053	0.7381706052942063	0.8522313724612209	High
32.74484663	0.8022606738289053	0.7381706052942063	0.8522313724612209	High
32.94210474	0.8022606738289053	0.7381706052942063	0.8522313724612209	High
32.9749811	0.8022606738289053	0.7381706052942063	0.8522313724612209	High
33.00785745	0.8022606738289053	0.7381706052942063	0.8522313724612209	High
33.07361015	0.8022606738289053	0.7381706052942063	0.8522313724612209	High
33.33662097	0.8022606738289053	0.7381706052942063	0.8522313724612209	High
33.99414801	0.8022606738289053	0.7381706052942063	0.8522313724612209	High
34.02702436	0.8022606738289053	0.7381706052942063	0.8522313724612209	High
34.05990071	0.8022606738289053	0.7381706052942063	0.8522313724612209	High
34.42154059	0.8022606738289053	0.7381706052942063	0.8522313724612209	High
34.48729329	0.8022606738289053	0.7381706052942063	0.8522313724612209	High
34.65167505	0.8022606738289053	0.7381706052942063	0.8522313724612209	High
34.98043857	0.8022606738289053	0.7381706052942063	0.8522313724612209	High
35.01331492	0.8022606738289053	0.7381706052942063	0.8522313724612209	High
35.11194398	0.8022606738289053	0.7381706052942063	0.8522313724612209	High
35.73659467	0.8022606738289053	0.7381706052942063	0.8522313724612209	High
35.80234737	0.8022606738289053	0.7381706052942063	0.8522313724612209	High
35.99960548	0.7893209855413422	0.7201751632929382	0.8432362163344789	High
36.03248184	0.7893209855413422	0.7201751632929382	0.8432362163344789	High
36.49275076	0.7893209855413422	0.7201751632929382	0.8432362163344789	High
36.52562712	0.7893209855413422	0.7201751632929382	0.8432362163344789	High
36.95301969	0.7893209855413422	0.7201751632929382	0.8432362163344789	High
37.0187724	0.7752259679423896	0.7006668758721768	0.8334139073364678	High
37.05164875	0.7752259679423896	0.7006668758721768	0.8334139073364678	High
37.18315416	0.7752259679423896	0.7006668758721768	0.8334139073364678	High
37.24890686	0.7752259679423896	0.7006668758721768	0.8334139073364678	High
37.97218661	0.7752259679423896	0.7006668758721768	0.8334139073364678	High
38.03793931	0.7752259679423896	0.7006668758721768	0.8334139073364678	High
38.07081566	0.7579987242103365	0.6759607525793407	0.8219866372573846	High
38.99135352	0.7579987242103365	0.6759607525793407	0.8219866372573846	High
40.96393464	0.7579987242103365	0.6759607525793407	0.8219866372573846	High
42.27898872	0.7579987242103365	0.6759607525793407	0.8219866372573846	High
42.34474143	0.7579987242103365	0.6759607525793407	0.8219866372573846	High
42.90363941	0.739048756105078	0.649128152606462	0.8092829658157584	High
43.03514482	0.739048756105078	0.649128152606462	0.8092829658157584	High
43.26527929	0.739048756105078	0.649128152606462	0.8092829658157584	High
43.42966105	0.739048756105078	0.649128152606462	0.8092829658157584	High
43.75842457	0.7179330773592189	0.6194939612406448	0.795071455435929	High
44.02143538	0.7179330773592189	0.6194939612406448	0.795071455435929	High
44.90909689	0.7179330773592189	0.6194939612406448	0.795071455435929	High
45.59950028	0.7179330773592189	0.6194939612406448	0.795071455435929	High
46.02689286	0.7179330773592189	0.6194939612406448	0.795071455435929	High
46.65154355	0.7179330773592189	0.6194939612406448	0.795071455435929	High
46.91455436	0.7179330773592189	0.6194939612406448	0.795071455435929	High
47.01318342	0.7179330773592189	0.6194939612406448	0.795071455435929	High
47.86796857	0.7179330773592189	0.6194939612406448	0.795071455435929	High
48.19673209	0.7179330773592189	0.6194939612406448	0.795071455435929	High
49.41315712	0.6867185957349052	0.5711826431051917	0.7770823150897084	High
49.51178617	0.6867185957349052	0.5711826431051917	0.7770823150897084	High
50.03780781	0.6867185957349052	0.5711826431051917	0.7770823150897084	High
51.31998553	0.6867185957349052	0.5711826431051917	0.7770823150897084	High
54.60762074	0.6505755117488575	0.5174085165014348	0.7554237897503553	High
55.92267482	0.6505755117488575	0.5174085165014348	0.7554237897503553	High
58.02676135	0.6505755117488575	0.5174085165014348	0.7554237897503553	High
58.38840122	0.6505755117488575	0.5174085165014348	0.7554237897503553	High
61.01850939	0.6505755117488575	0.5174085165014348	0.7554237897503553	High
61.9719236	0.6505755117488575	0.5174085165014348	0.7554237897503553	High
63.97738107	0.6505755117488575	0.5174085165014348	0.7554237897503553	High
64.99654798	0.6505755117488575	0.5174085165014348	0.7554237897503553	High
67.29789263	0.5914322834080524	0.4211034836823011	0.7269193589555358	High
70.02662985	0.5914322834080524	0.4211034836823011	0.7269193589555358	High
70.15813525	0.525717585251602	0.3305855778541762	0.6883121117648813	High
74.56356643	0.525717585251602	0.3305855778541762	0.6883121117648813	High
74.79370089	0.525717585251602	0.3305855778541762	0.6883121117648813	High
79.69227735	0.525717585251602	0.3305855778541762	0.6883121117648813	High
82.38813821	0.525717585251602	0.3305855778541762	0.6883121117648813	High
85.44563895	0.525717585251602	0.3305855778541762	0.6883121117648813	High
86.62918763	0.525717585251602	0.3305855778541762	0.6883121117648813	High
129.2698162	0.525717585251602	0.3305855778541762	0.6883121117648813	High
133.1821021	0.525717585251602	0.3305855778541762	0.6883121117648813	High
0.0	1.0	1.0	1.0	Low
0.460268929	1.0	1.0	1.0	Low
0.920537857	1.0	1.0	1.0	Low
0.986290561	0.99644128113879	0.9750088945016154	0.9994979389195	Low
1.019166913	0.99644128113879	0.9750088945016154	0.9994979389195	Low
1.61094125	0.992764376042337	0.9713746750538952	0.9981858722008021	Low
1.93970477	0.9890874709458837	0.9665451817665331	0.9964680297501404	Low
2.005457474	0.9817336607529776	0.9566699714266583	0.9923570730437186	Low
2.958871684	0.9780429327050338	0.9517771861546026	0.9900764202211033	Low
3.484893316	0.9780429327050338	0.9517771861546026	0.9900764202211033	Low
3.978038597	0.9743382246266061	0.9469226813114032	0.9876844674883987	Low
4.175296709	0.9743382246266061	0.9469226813114032	0.9876844674883987	Low
4.799947398	0.9706193764410089	0.9421053663141961	0.9851992838003295	Low
5.030081862	0.9556867706496087	0.9232788710089505	0.9745921984118727	Low
5.654732551	0.9519536192017585	0.9186834165169827	0.9718188157320837	Low
5.884867015	0.9482204677539089	0.9141239028336541	0.9690071050272546	Low
6.016372423	0.9482204677539089	0.9141239028336541	0.9690071050272546	Low
6.77252852	0.9444725607667392	0.9095731625512647	0.9661517682030673	Low
6.969786633	0.9444725607667392	0.9095731625512647	0.9661517682030673	Low
7.167044745	0.9444725607667392	0.9095731625512647	0.9661517682030673	Low
7.495808265	0.9406794982737006	0.9049808388482368	0.9632367921413852	Low
7.758819081	0.9368864357806614	0.9004194052554657	0.9602915707005407	Low
7.988953546	0.9368864357806614	0.9004194052554657	0.9602915707005407	Low
8.021829898	0.9368864357806614	0.9004194052554657	0.9602915707005407	Low
8.416346122	0.9330624095121688	0.8958379131639121	0.9572990073750658	Low
9.073873163	0.9330624095121688	0.8958379131639121	0.9572990073750658	Low
9.928658316	0.9292226465100616	0.8912597074946887	0.9542700669064451	Low
10.06016372	0.9253828835079534	0.8867077392520034	0.9512163444121258	Low
10.98070158	0.9215431205058459	0.8821801245595753	0.9481395054574924	Low
11.01357793	0.9215431205058459	0.8821801245595753	0.9481395054574924	Low
11.07933064	0.9215431205058459	0.8821801245595753	0.9481395054574924	Low
11.50672321	0.9215431205058459	0.8821801245595753	0.9481395054574924	Low
11.73685768	0.9176382767748884	0.8775776356714574	0.9449983184415178	Low
11.83548673	0.9176382767748884	0.8775776356714574	0.9449983184415178	Low
11.86836309	0.9137167456775592	0.8729737665395295	0.9418247933531435	Low
11.90123944	0.9137167456775592	0.8729737665395295	0.9418247933531435	Low
11.96699214	0.9137167456775592	0.8729737665395295	0.9418247933531435	Low
11.9998685	0.9137167456775592	0.8729737665395295	0.9418247933531435	Low
12.19712661	0.9137167456775592	0.8729737665395295	0.9418247933531435	Low
12.36150837	0.9137167456775592	0.8729737665395295	0.9418247933531435	Low
12.39438472	0.9137167456775592	0.8729737665395295	0.9418247933531435	Low
12.42726107	0.9137167456775592	0.8729737665395295	0.9418247933531435	Low
12.46013742	0.9137167456775592	0.8729737665395295	0.9418247933531435	Low
12.59164283	0.9096376530629277	0.868158015727434	0.9385268504321777	Low
12.62451918	0.9096376530629277	0.868158015727434	0.9385268504321777	Low
12.65739554	0.9096376530629277	0.868158015727434	0.9385268504321777	Low
12.69027189	0.9096376530629277	0.868158015727434	0.9385268504321777	Low
12.78890094	0.9096376530629277	0.868158015727434	0.9385268504321777	Low
12.98615906	0.9096376530629277	0.868158015727434	0.9385268504321777	Low
13.05191176	0.9096376530629277	0.868158015727434	0.9385268504321777	Low
13.31492258	0.9053870098243164	0.8631118983170867	0.9350948686802485	Low
13.54505704	0.9053870098243164	0.8631118983170867	0.9350948686802485	Low
13.93957327	0.9011163163817492	0.8580661579868145	0.9316267547859876	Low
13.97244962	0.9011163163817492	0.8580661579868145	0.9316267547859876	Low
14.00532597	0.9011163163817492	0.8580661579868145	0.9316267547859876	Low
14.03820232	0.8966990795367407	0.8528310653800709	0.9280402549728275	Low
14.92586383	0.8966990795367407	0.8528310653800709	0.9280402549728275	Low
14.99161653	0.8966990795367407	0.8528310653800709	0.9280402549728275	Low
15.02449288	0.8966990795367407	0.8528310653800709	0.9280402549728275	Low
15.51763816	0.892076919332943	0.8473211412943785	0.9242968470205339	Low
15.61626722	0.892076919332943	0.8473211412943785	0.9242968470205339	Low
16.30667061	0.892076919332943	0.8473211412943785	0.9242968470205339	Low
16.33954696	0.892076919332943	0.8473211412943785	0.9242968470205339	Low
16.40529967	0.892076919332943	0.8473211412943785	0.9242968470205339	Low
16.43817602	0.892076919332943	0.8473211412943785	0.9242968470205339	Low
16.56968143	0.8873318293364914	0.8416634098772573	0.9204484043283713	Low
16.79981589	0.8825867393400397	0.8360438864869328	0.9165741631101687	Low
16.83269224	0.8778416493435872	0.8304596524630776	0.9126755798467738	Low
16.99707401	0.8778416493435872	0.8304596524630776	0.9126755798467738	Low
17.02995036	0.8778416493435872	0.8304596524630776	0.9126755798467738	Low
17.12857941	0.8778416493435872	0.8304596524630776	0.9126755798467738	Low
17.26008482	0.8778416493435872	0.8304596524630776	0.9126755798467738	Low
17.6874774	0.8778416493435872	0.8304596524630776	0.9126755798467738	Low
17.81898281	0.8778416493435872	0.8304596524630776	0.9126755798467738	Low
17.85185916	0.8778416493435872	0.8304596524630776	0.9126755798467738	Low
18.04911727	0.8728254113473378	0.8245079895885451	0.9085751462047167	Low
18.18062268	0.8728254113473378	0.8245079895885451	0.9085751462047167	Low
18.24637538	0.8728254113473378	0.8245079895885451	0.9085751462047167	Low
18.27925173	0.8728254113473378	0.8245079895885451	0.9085751462047167	Low
18.83814972	0.8728254113473378	0.8245079895885451	0.9085751462047167	Low
19.00253148	0.8728254113473378	0.8245079895885451	0.9085751462047167	Low
19.331295	0.8728254113473378	0.8245079895885451	0.9085751462047167	Low
19.46280041	0.8728254113473378	0.8245079895885451	0.9085751462047167	Low
19.59430582	0.8728254113473378	0.8245079895885451	0.9085751462047167	Low
19.98882204	0.8728254113473378	0.8245079895885451	0.9085751462047167	Low
20.02169839	0.8728254113473378	0.8245079895885451	0.9085751462047167	Low
20.05457474	0.8673702525264172	0.8179372696441535	0.9041654929357654	Low
20.61347273	0.8673702525264172	0.8179372696441535	0.9041654929357654	Low
20.9093599	0.8673702525264172	0.8179372696441535	0.9041654929357654	Low
20.9751126	0.8673702525264172	0.8179372696441535	0.9041654929357654	Low
21.00798895	0.8673702525264172	0.8179372696441535	0.9041654929357654	Low
21.99427952	0.8673702525264172	0.8179372696441535	0.9041654929357654	Low
22.02715587	0.8673702525264172	0.8179372696441535	0.9041654929357654	Low
22.35591939	0.8615489756638235	0.8108610481578118	0.8994926137112873	Low
23.04632278	0.8615489756638235	0.8108610481578118	0.8994926137112873	Low
23.50659171	0.8556880982783555	0.8037887856548313	0.894756288640579	Low
23.60522077	0.8556880982783555	0.8037887856548313	0.894756288640579	Low
23.99973699	0.8556880982783555	0.8037887856548313	0.894756288640579	Low
24.03261334	0.8556880982783555	0.8037887856548313	0.894756288640579	Low
24.1312424	0.8496621257552684	0.7965266267815777	0.88987888520881	Low
24.32850051	0.8435931105713024	0.7892620857998127	0.8849360545345787	Low
24.36137686	0.8435931105713024	0.7892620857998127	0.8849360545345787	Low
24.39425321	0.8435931105713024	0.7892620857998127	0.8849360545345787	Low
24.42712957	0.8374354966255266	0.7819242000780051	0.8798998791274697	Low
24.52575862	0.8374354966255266	0.7819242000780051	0.8798998791274697	Low
24.59151133	0.8374354966255266	0.7819242000780051	0.8798998791274697	Low
24.69014038	0.8374354966255266	0.7819242000780051	0.8798998791274697	Low
25.0189039	0.8374354966255266	0.7819242000780051	0.8798998791274697	Low
25.05178025	0.8374354966255266	0.7819242000780051	0.8798998791274697	Low
25.18328566	0.8374354966255266	0.7819242000780051	0.8798998791274697	Low
25.47917283	0.8374354966255266	0.7819242000780051	0.8798998791274697	Low
25.97231811	0.8374354966255266	0.7819242000780051	0.8798998791274697	Low
26.00519446	0.8374354966255266	0.7819242000780051	0.8798998791274697	Low
26.03807082	0.8374354966255266	0.7819242000780051	0.8798998791274697	Low
26.43258704	0.8374354966255266	0.7819242000780051	0.8798998791274697	Low
26.46546339	0.830216225102893	0.7730190534008253	0.8741716483153462	Low
27.02436138	0.830216225102893	0.7730190534008253	0.8741716483153462	Low
28.04352829	0.830216225102893	0.7730190534008253	0.8741716483153462	Low
28.20791005	0.822803580235903	0.7639153502854331	0.8682678713571812	Low
28.9969425	0.822803580235903	0.7639153502854331	0.8682678713571812	Low
29.02981885	0.822803580235903	0.7639153502854331	0.8682678713571812	Low
29.16132426	0.822803580235903	0.7639153502854331	0.8682678713571812	Low
29.19420061	0.822803580235903	0.7639153502854331	0.8682678713571812	Low
29.95035671	0.822803580235903	0.7639153502854331	0.8682678713571812	Low
30.08186212	0.822803580235903	0.7639153502854331	0.8682678713571812	Low
30.44350199	0.822803580235903	0.7639153502854331	0.8682678713571812	Low
31.00239997	0.822803580235903	0.7639153502854331	0.8682678713571812	Low
32.02156689	0.822803580235903	0.7639153502854331	0.8682678713571812	Low
32.61334122	0.8145755444335435	0.7536282037133983	0.8618263312003067	Low
32.71197028	0.8145755444335435	0.7536282037133983	0.8618263312003067	Low
32.90922839	0.8145755444335435	0.7536282037133983	0.8618263312003067	Low
32.9749811	0.8145755444335435	0.7536282037133983	0.8618263312003067	Low
33.00785745	0.8145755444335435	0.7536282037133983	0.8618263312003067	Low
33.0407338	0.8145755444335435	0.7536282037133983	0.8618263312003067	Low
33.17223921	0.8145755444335435	0.7536282037133983	0.8618263312003067	Low
33.53387908	0.8145755444335435	0.7536282037133983	0.8618263312003067	Low
33.66538449	0.8145755444335435	0.7536282037133983	0.8618263312003067	Low
34.02702436	0.8145755444335435	0.7536282037133983	0.8618263312003067	Low
35.01331492	0.8145755444335435	0.7536282037133983	0.8618263312003067	Low
35.04619128	0.8145755444335435	0.7536282037133983	0.8618263312003067	Low
35.30920209	0.8145755444335435	0.7536282037133983	0.8618263312003067	Low
35.96672913	0.804992302734325	0.7412676046504921	0.8545596000429495	Low
35.99960548	0.804992302734325	0.7412676046504921	0.8545596000429495	Low
36.03248184	0.7855948978491606	0.7168408790632772	0.8395207916266488	Low
37.0187724	0.7855948978491606	0.7168408790632772	0.8395207916266488	Low
37.05164875	0.7855948978491606	0.7168408790632772	0.8395207916266488	Low
37.74205214	0.7855948978491606	0.7168408790632772	0.8395207916266488	Low
38.03793931	0.7855948978491606	0.7168408790632772	0.8395207916266488	Low
38.13656837	0.7855948978491606	0.7168408790632772	0.8395207916266488	Low
38.20232107	0.7745301809780458	0.7026942537461653	0.8310916059251908	Low
38.56396094	0.7745301809780458	0.7026942537461653	0.8310916059251908	Low
38.69546635	0.7745301809780458	0.7026942537461653	0.8310916059251908	Low
38.95847717	0.7631400312577801	0.6882920701261216	0.8223307600076302	Low
38.99135352	0.7631400312577801	0.6882920701261216	0.8223307600076302	Low
39.05710622	0.75157730351145	0.6738846921618774	0.8133194133533022	Low
39.4187461	0.75157730351145	0.6738846921618774	0.8133194133533022	Low
39.45162245	0.75157730351145	0.6738846921618774	0.8133194133533022	Low
39.97764408	0.75157730351145	0.6738846921618774	0.8133194133533022	Low
40.99681099	0.75157730351145	0.6738846921618774	0.8133194133533022	Low
41.35845087	0.7388387051468488	0.6578273747613333	0.8035278306552739	Low
41.42420357	0.7388387051468488	0.6578273747613333	0.8035278306552739	Low
42.01597791	0.7388387051468488	0.6578273747613333	0.8035278306552739	Low
42.772134	0.7388387051468488	0.6578273747613333	0.8035278306552739	Low
43.19952658	0.7254052741441788	0.64096853974561	0.7931794681296184	Low
44.31732255	0.7119718431415089	0.6244678675590554	0.7826247383395774	Low
44.67896242	0.7119718431415089	0.6244678675590554	0.7826247383395774	Low
44.77759148	0.7119718431415089	0.6244678675590554	0.7826247383395774	Low
45.40224217	0.6980116109230478	0.6074503650617569	0.771595861148495	Low
46.7501726	0.6840513787045868	0.5907602354671245	0.7603747681625894	Low
47.04605977	0.6840513787045868	0.5907602354671245	0.7603747681625894	Low
47.40769964	0.6840513787045868	0.5907602354671245	0.7603747681625894	Low
47.44057599	0.6840513787045868	0.5907602354671245	0.7603747681625894	Low
48.03235033	0.6840513787045868	0.5907602354671245	0.7603747681625894	Low
49.0843936	0.668850236955596	0.5724400179242405	0.7482834474523112	Low
49.9063024	0.6536490952066052	0.5544896502303545	0.7359726813458183	Low
49.9720551	0.6536490952066052	0.5544896502303545	0.7359726813458183	Low
50.03780781	0.6536490952066052	0.5544896502303545	0.7359726813458183	Low
51.4843673	0.6377064343479074	0.5357445804399813	0.7230395286445817	Low
51.97751258	0.6377064343479074	0.5357445804399813	0.7230395286445817	Low
52.99667949	0.6377064343479074	0.5357445804399813	0.7230395286445817	Low
53.62133018	0.6377064343479074	0.5357445804399813	0.7230395286445817	Low
54.0158464	0.6377064343479074	0.5357445804399813	0.7230395286445817	Low
55.03501332	0.6377064343479074	0.5357445804399813	0.7230395286445817	Low
56.08705658	0.6377064343479074	0.5357445804399813	0.7230395286445817	Low
56.25143834	0.6183819969434254	0.5120728879906141	0.7080945540152368	Low
57.2377289	0.5990575595389434	0.48909284442531403	0.6927400835542691	Low
60.13084788	0.5990575595389434	0.48909284442531403	0.6927400835542691	Low
60.78837492	0.5790889742209786	0.4657319959907519	0.6766793228344057	Low
61.84041819	0.5591203889030137	0.4429886114472578	0.6602452225322348	Low
61.90617089	0.5591203889030137	0.4429886114472578	0.6602452225322348	Low
62.7938324	0.5384122263510502	0.4197143689110903	0.643055474835493	Low
65.85133314	0.5177040637990866	0.3970255320490633	0.6255017895786759	Low
65.98283854	0.5177040637990866	0.3970255320490633	0.6255017895786759	Low
75.94437321	0.5177040637990866	0.3970255320490633	0.6255017895786759	Low
78.0813361	0.5177040637990866	0.3970255320490633	0.6255017895786759	Low
78.11421245	0.5177040637990866	0.3970255320490633	0.6255017895786759	Low
81.3689713	0.4930514893324634	0.3691330976109232	0.6054663358070599	Low
82.9470362	0.4930514893324634	0.3691330976109232	0.6054663358070599	Low
83.24292337	0.4671014109465443	0.3403223538493625	0.5841591727374436	Low
85.4785153	0.4671014109465443	0.3403223538493625	0.5841591727374436	Low
88.20725252	0.4671014109465443	0.3403223538493625	0.5841591727374436	Low
92.74418911	0.4379075727623853	0.30786422227415167	0.5605817944082032	Low
95.17703916	0.4379075727623853	0.30786422227415167	0.5605817944082032	Low
98.2345399	0.4379075727623853	0.30786422227415167	0.5605817944082032	Low
106.7495151	0.4379075727623853	0.30786422227415167	0.5605817944082032	Low
109.2809942	0.4379075727623853	0.30786422227415167	0.5605817944082032	Low
117.0726896	0.4379075727623853	0.30786422227415167	0.5605817944082032	Low
119.7027978	0.4379075727623853	0.30786422227415167	0.5605817944082032	Low
119.9329322	0.4379075727623853	0.30786422227415167	0.5605817944082032	Low
124.2726107	0.4379075727623853	0.30786422227415167	0.5605817944082032	Low
126.44245	0.4379075727623853	0.30786422227415167	0.5605817944082032	Low
130.650623	0.4379075727623853	0.30786422227415167	0.5605817944082032	Low
131.5054082	0.4379075727623853	0.30786422227415167	0.5605817944082032	Low
135.6478285	0.4379075727623853	0.30786422227415167	0.5605817944082032	Low
139.1655982	0.4379075727623853	0.30786422227415167	0.5605817944082032	Low
140.3820232	0.4379075727623853	0.30786422227415167	0.5605817944082032	Low
148.0093369	0.4379075727623853	0.30786422227415167	0.5605817944082032	Low
